2026-09-17 18:23:53 [INFO] watcher — ============================================================
2026-09-17 18:23:53 [INFO] watcher — Aegis — Zeek Log Watcher starting
2026-09-17 18:23:53 [INFO] watcher —   Watch dir : /home/nived/Desktop/Aegis/zeek/logs
2026-09-17 18:23:53 [INFO] watcher —   Output dir: /home/nived/Desktop/Aegis/data/features
2026-09-17 18:23:53 [INFO] watcher —   Pipeline  : /home/nived/Desktop/Aegis/features/pipeline.py
2026-09-17 18:23:53 [INFO] watcher —   Settle    : 3.0s
2026-09-17 18:23:53 [INFO] watcher —   Queue max : 10000 rows
2026-09-17 18:23:53 [INFO] watcher — ============================================================
2026-09-17 18:23:53 [INFO] watcher — Settle tracker started (settle window: 3.0s)
2026-09-17 18:23:53 [INFO] watcher — No existing log files found in zeek/logs — waiting for new ones
2026-09-17 18:23:53 [INFO] watcher — Watching /home/nived/Desktop/Aegis/zeek/logs — press Ctrl+C to stop
2026-09-17 18:24:00 [INFO] watcher — Heartbeat — staging queue: 0 rows | watcher alive
2026-09-17 18:25:00 [INFO] watcher — Heartbeat — staging queue: 0 rows | watcher alive
2026-09-17 18:26:00 [INFO] watcher — Heartbeat — staging queue: 0 rows | watcher alive
2026-09-17 18:27:00 [INFO] watcher — Heartbeat — staging queue: 0 rows | watcher alive
2026-09-17 18:28:00 [INFO] watcher — Heartbeat — staging queue: 0 rows | watcher alive
2026-09-17 18:29:00 [INFO] watcher — Heartbeat — staging queue: 0 rows | watcher alive
2026-09-17 18:30:00 [INFO] watcher — Heartbeat — staging queue: 0 rows | watcher alive
2026-09-17 18:31:00 [INFO] watcher — Heartbeat — staging queue: 0 rows | watcher alive
2026-09-17 18:32:00 [INFO] watcher — Heartbeat — staging queue: 0 rows | watcher alive
2026-09-17 18:33:00 [INFO] watcher — Heartbeat — staging queue: 0 rows | watcher alive
2026-09-17 18:34:00 [INFO] watcher — Heartbeat — staging queue: 0 rows | watcher alive
2026-09-17 18:35:00 [INFO] watcher — Heartbeat — staging queue: 0 rows | watcher alive
2026-09-17 18:36:00 [INFO] watcher — Heartbeat — staging queue: 0 rows | watcher alive
2026-09-17 18:37:00 [INFO] watcher — Heartbeat — staging queue: 0 rows | watcher alive
2026-09-17 18:38:00 [INFO] watcher — Heartbeat — staging queue: 0 rows | watcher alive
2026-09-17 18:38:10 [INFO] watcher — New file detected: zeek/logs/conn.log
2026-09-17 18:38:42 [INFO] watcher — [2026-09-17T13:08:42.174727] TRIGGER pipeline.py — file: conn.log  size: 110.1 KB bytes
2026-09-17 18:38:42 [INFO] watcher — Running: /usr/bin/python3 ./features/pipeline.py --zeek-dir zeek/logs --output-dir data/features --scenario-name live_1789650522
2026-09-17 18:38:43 [INFO] watcher — [2026-09-17T13:08:43.577908] pipeline.py completed in 1.40s — output: data/features/live_1789650522.parquet
2026-09-17 18:38:43 [INFO] watcher — Enqueued 1024 rows from live_1789650522.parquet into staging queue (queue size now: 1024)
2026-09-17 18:39:00 [INFO] watcher — Heartbeat — staging queue: 1024 rows | watcher alive
2026-09-17 18:39:51 [INFO] kafka.producer — ============================================================
2026-09-17 18:39:51 [INFO] kafka.producer — Aegis — Kafka Producer starting
2026-09-17 18:39:51 [INFO] kafka.producer —   Bootstrap : localhost:9092
2026-09-17 18:39:51 [INFO] kafka.producer —   Topic     : raw-features
2026-09-17 18:39:51 [INFO] kafka.producer —   Batch win : 100ms
2026-09-17 18:39:51 [INFO] kafka.producer —   Batch max : 500 rows
2026-09-17 18:39:51 [INFO] kafka.producer — ============================================================
2026-09-17 18:39:51 [INFO] kafka.producer — Producer running — waiting for rows from staging queue...
2026-09-17 18:40:00 [INFO] watcher — Heartbeat — staging queue: 1024 rows | watcher alive
2026-09-17 18:40:01 [INFO] kafka.producer — Stats (last 10s) — published: 0 rows | dropped: 0 | batches: 0 | delivery_errors: 0
2026-09-17 18:40:02 [INFO] kafka.producer — Shutting down producer...
2026-09-17 18:40:02 [INFO] kafka.producer — Flushing remaining messages...
2026-09-17 18:40:02 [INFO] kafka.producer — All messages flushed cleanly.
2026-09-17 18:40:02 [INFO] kafka.producer — Producer stopped.
2026-09-17 18:40:34 [INFO] kafka.producer — ============================================================
2026-09-17 18:40:34 [INFO] kafka.producer — Aegis — Kafka Producer starting
2026-09-17 18:40:34 [INFO] kafka.producer —   Bootstrap : localhost:29092
2026-09-17 18:40:34 [INFO] kafka.producer —   Topic     : raw-features
2026-09-17 18:40:34 [INFO] kafka.producer —   Batch win : 100ms
2026-09-17 18:40:34 [INFO] kafka.producer —   Batch max : 500 rows
2026-09-17 18:40:34 [INFO] kafka.producer — ============================================================
2026-09-17 18:40:34 [INFO] kafka.producer — Producer running — waiting for rows from staging queue...
2026-09-17 18:40:44 [INFO] kafka.producer — Stats (last 10s) — published: 0 rows | dropped: 0 | batches: 0 | delivery_errors: 0
2026-09-17 18:40:54 [INFO] kafka.producer — Stats (last 10s) — published: 0 rows | dropped: 0 | batches: 0 | delivery_errors: 0
2026-09-17 18:41:00 [INFO] watcher — Heartbeat — staging queue: 1024 rows | watcher alive
2026-09-17 18:41:04 [INFO] kafka.producer — Stats (last 10s) — published: 0 rows | dropped: 0 | batches: 0 | delivery_errors: 0
2026-09-17 18:41:14 [INFO] kafka.producer — Stats (last 10s) — published: 0 rows | dropped: 0 | batches: 0 | delivery_errors: 0
2026-09-17 18:41:24 [INFO] kafka.producer — Stats (last 10s) — published: 0 rows | dropped: 0 | batches: 0 | delivery_errors: 0
2026-09-17 18:41:32 [INFO] watcher — [2026-09-17T13:11:32.934049] TRIGGER pipeline.py — file: conn.log  size: 219.8 KB bytes
2026-09-17 18:41:32 [INFO] watcher — Running: /usr/bin/python3 ./features/pipeline.py --zeek-dir zeek/logs --output-dir data/features --scenario-name live_1789650692
2026-09-17 18:41:33 [INFO] watcher — [2026-09-17T13:11:33.885195] pipeline.py completed in 0.95s — output: data/features/live_1789650692.parquet
2026-09-17 18:41:34 [INFO] watcher — Enqueued 2048 rows from live_1789650692.parquet into staging queue (queue size now: 3072)
2026-09-17 18:41:34 [INFO] kafka.producer — Stats (last 10s) — published: 0 rows | dropped: 0 | batches: 0 | delivery_errors: 0
2026-09-17 18:41:44 [INFO] kafka.producer — Stats (last 10s) — published: 0 rows | dropped: 0 | batches: 0 | delivery_errors: 0
2026-09-17 18:41:54 [INFO] kafka.producer — Stats (last 10s) — published: 0 rows | dropped: 0 | batches: 0 | delivery_errors: 0
2026-09-17 18:42:00 [INFO] watcher — Heartbeat — staging queue: 3072 rows | watcher alive
2026-09-17 18:42:04 [INFO] kafka.producer — Stats (last 10s) — published: 0 rows | dropped: 0 | batches: 0 | delivery_errors: 0
2026-09-17 18:42:14 [INFO] kafka.producer — Stats (last 10s) — published: 0 rows | dropped: 0 | batches: 0 | delivery_errors: 0
2026-09-17 18:42:24 [INFO] kafka.producer — Stats (last 10s) — published: 0 rows | dropped: 0 | batches: 0 | delivery_errors: 0
2026-09-17 18:42:34 [INFO] kafka.producer — Stats (last 10s) — published: 0 rows | dropped: 0 | batches: 0 | delivery_errors: 0
2026-09-17 18:42:36 [INFO] watcher — [2026-09-17T13:12:36.041244] TRIGGER pipeline.py — file: conn.log  size: 219.9 KB bytes
2026-09-17 18:42:36 [INFO] watcher — Running: /usr/bin/python3 ./features/pipeline.py --zeek-dir zeek/logs --output-dir data/features --scenario-name live_1789650756
2026-09-17 18:42:37 [INFO] watcher — [2026-09-17T13:12:37.010120] pipeline.py completed in 0.97s — output: data/features/live_1789650756.parquet
2026-09-17 18:42:37 [INFO] watcher — Enqueued 2049 rows from live_1789650756.parquet into staging queue (queue size now: 5121)
2026-09-17 18:42:44 [INFO] kafka.producer — Stats (last 10s) — published: 0 rows | dropped: 0 | batches: 0 | delivery_errors: 0
2026-09-17 18:42:54 [INFO] kafka.producer — Stats (last 10s) — published: 0 rows | dropped: 0 | batches: 0 | delivery_errors: 0
2026-09-17 18:43:00 [INFO] watcher — Heartbeat — staging queue: 5121 rows | watcher alive
2026-09-17 18:43:03 [INFO] watcher — New file detected: zeek/logs/dns.log
2026-09-17 18:43:04 [INFO] kafka.producer — Stats (last 10s) — published: 0 rows | dropped: 0 | batches: 0 | delivery_errors: 0
2026-09-17 18:43:07 [INFO] watcher — [2026-09-17T13:13:07.166493] TRIGGER pipeline.py — file: dns.log  size: 576.0 B bytes
2026-09-17 18:43:07 [INFO] watcher — Running: /usr/bin/python3 ./features/pipeline.py --zeek-dir zeek/logs --output-dir data/features --scenario-name live_1789650787
2026-09-17 18:43:08 [INFO] watcher — [2026-09-17T13:13:08.112160] pipeline.py completed in 0.94s — output: data/features/live_1789650787.parquet
2026-09-17 18:43:08 [INFO] watcher — Enqueued 2050 rows from live_1789650787.parquet into staging queue (queue size now: 7171)
2026-09-17 18:43:08 [INFO] watcher — [2026-09-17T13:13:08.239980] TRIGGER pipeline.py — file: conn.log  size: 220.2 KB bytes
2026-09-17 18:43:08 [INFO] watcher — Running: /usr/bin/python3 ./features/pipeline.py --zeek-dir zeek/logs --output-dir data/features --scenario-name live_1789650788
2026-09-17 18:43:09 [INFO] watcher — [2026-09-17T13:13:09.171127] pipeline.py completed in 0.93s — output: data/features/live_1789650788.parquet
2026-09-17 18:43:09 [INFO] watcher — Enqueued 2052 rows from live_1789650788.parquet into staging queue (queue size now: 9223)
2026-09-17 18:43:10 [INFO] watcher — [2026-09-17T13:13:10.805682] TRIGGER pipeline.py — file: dns.log  size: 869.0 B bytes
2026-09-17 18:43:10 [INFO] watcher — Running: /usr/bin/python3 ./features/pipeline.py --zeek-dir zeek/logs --output-dir data/features --scenario-name live_1789650790
2026-09-17 18:43:11 [INFO] watcher — [2026-09-17T13:13:11.766379] pipeline.py completed in 0.96s — output: data/features/live_1789650790.parquet
2026-09-17 18:43:11 [WARNING] watcher — Staging queue full — dropped 1275 rows from live_1789650790.parquet (added 777). Kafka producer may be too slow.
2026-09-17 18:43:14 [INFO] kafka.producer — Stats (last 10s) — published: 0 rows | dropped: 0 | batches: 0 | delivery_errors: 0
2026-09-17 18:43:24 [INFO] kafka.producer — Stats (last 10s) — published: 0 rows | dropped: 0 | batches: 0 | delivery_errors: 0
2026-09-17 18:43:34 [INFO] kafka.producer — Stats (last 10s) — published: 0 rows | dropped: 0 | batches: 0 | delivery_errors: 0
2026-09-17 18:43:44 [INFO] kafka.producer — Stats (last 10s) — published: 0 rows | dropped: 0 | batches: 0 | delivery_errors: 0
2026-09-17 18:43:54 [INFO] kafka.producer — Stats (last 10s) — published: 0 rows | dropped: 0 | batches: 0 | delivery_errors: 0
2026-09-17 18:44:00 [INFO] watcher — Heartbeat — staging queue: 10000 rows | watcher alive
2026-09-17 18:44:00 [INFO] kafka.producer — ============================================================
2026-09-17 18:44:00 [INFO] watcher — ============================================================
2026-09-17 18:44:00 [INFO] kafka.producer — Aegis — Kafka Producer starting
2026-09-17 18:44:00 [INFO] watcher — Aegis — Zeek Log Watcher starting
2026-09-17 18:44:00 [INFO] kafka.producer —   Bootstrap : localhost:29092
2026-09-17 18:44:00 [INFO] watcher —   Watch dir : /home/nived/Desktop/Aegis/zeek/logs
2026-09-17 18:44:00 [INFO] kafka.producer —   Topic     : raw-features
2026-09-17 18:44:00 [INFO] watcher —   Output dir: /home/nived/Desktop/Aegis/data/features
2026-09-17 18:44:00 [INFO] kafka.producer —   Batch win : 100ms
2026-09-17 18:44:00 [INFO] watcher —   Pipeline  : /home/nived/Desktop/Aegis/features/pipeline.py
2026-09-17 18:44:00 [INFO] kafka.producer —   Batch max : 500 rows
2026-09-17 18:44:00 [INFO] watcher —   Settle    : 3.0s
2026-09-17 18:44:00 [INFO] kafka.producer — ============================================================
2026-09-17 18:44:00 [INFO] watcher —   Queue max : 10000 rows
2026-09-17 18:44:00 [INFO] watcher — ============================================================
2026-09-17 18:44:00 [INFO] kafka.producer — Producer running — waiting for rows from staging queue...
2026-09-17 18:44:00 [INFO] watcher — Settle tracker started (settle window: 3.0s)
2026-09-17 18:44:00 [INFO] watcher — Found 2 existing log file(s) on startup — processing:
2026-09-17 18:44:00 [INFO] watcher —   → zeek/logs/conn.log
2026-09-17 18:44:00 [INFO] watcher —   → zeek/logs/dns.log
2026-09-17 18:44:00 [INFO] watcher — Watching /home/nived/Desktop/Aegis/zeek/logs — press Ctrl+C to stop
2026-09-17 18:44:03 [INFO] watcher — [2026-09-17T13:14:03.492377] TRIGGER pipeline.py — file: conn.log  size: 220.2 KB bytes
2026-09-17 18:44:03 [INFO] watcher — Running: /usr/bin/python3 ./features/pipeline.py --zeek-dir zeek/logs --output-dir data/features --scenario-name live_1789650843
2026-09-17 18:44:04 [INFO] kafka.producer — Stats (last 10s) — published: 0 rows | dropped: 0 | batches: 0 | delivery_errors: 0
2026-09-17 18:44:04 [INFO] watcher — [2026-09-17T13:14:04.526446] pipeline.py completed in 1.03s — output: data/features/live_1789650843.parquet
2026-09-17 18:44:05 [INFO] watcher — Enqueued 2052 rows from live_1789650843.parquet into staging queue (queue size now: 1052)
2026-09-17 18:44:05 [INFO] watcher — [2026-09-17T13:14:05.049386] TRIGGER pipeline.py — file: dns.log  size: 869.0 B bytes
2026-09-17 18:44:05 [INFO] watcher — Running: /usr/bin/python3 ./features/pipeline.py --zeek-dir zeek/logs --output-dir data/features --scenario-name live_1789650845
2026-09-17 18:44:06 [INFO] watcher — [2026-09-17T13:14:06.163868] pipeline.py completed in 1.11s — output: data/features/live_1789650845.parquet
2026-09-17 18:44:06 [INFO] watcher — Enqueued 2052 rows from live_1789650845.parquet into staging queue (queue size now: 1466)
2026-09-17 18:44:10 [INFO] kafka.producer — Stats (last 10s) — published: 4104 rows | dropped: 0 | batches: 10 | delivery_errors: 0
2026-09-17 18:44:13 [INFO] watcher — Shutting down watcher...
2026-09-17 18:44:13 [INFO] watcher — Watcher stopped cleanly.
2026-09-17 18:44:14 [INFO] kafka.producer — Stats (last 10s) — published: 0 rows | dropped: 0 | batches: 0 | delivery_errors: 0
2026-09-17 18:44:14 [INFO] watcher — Shutting down watcher...
2026-09-17 18:44:14 [INFO] watcher — Watcher stopped cleanly.
2026-09-17 18:44:20 [INFO] kafka.producer — Shutting down producer...
2026-09-17 18:44:20 [INFO] kafka.producer — Flushing remaining messages...
2026-09-17 18:44:20 [INFO] kafka.producer — All messages flushed cleanly.
2026-09-17 18:44:20 [INFO] kafka.producer — Producer stopped.
2026-09-17 18:44:30 [INFO] kafka.producer — ============================================================
2026-09-17 18:44:30 [INFO] kafka.producer — Aegis — Kafka Producer starting
2026-09-17 18:44:30 [INFO] kafka.producer —   Bootstrap : localhost:29092
2026-09-17 18:44:30 [INFO] kafka.producer —   Topic     : raw-features
2026-09-17 18:44:30 [INFO] kafka.producer —   Batch win : 100ms
2026-09-17 18:44:30 [INFO] kafka.producer —   Batch max : 500 rows
2026-09-17 18:44:30 [INFO] kafka.producer — ============================================================
2026-09-17 18:44:30 [INFO] watcher — ============================================================
2026-09-17 18:44:30 [INFO] kafka.producer — Producer running — waiting for rows from staging queue...
2026-09-17 18:44:30 [INFO] watcher — Aegis — Zeek Log Watcher starting
2026-09-17 18:44:30 [INFO] watcher —   Watch dir : /home/nived/Desktop/Aegis/zeek/logs
2026-09-17 18:44:30 [INFO] watcher —   Output dir: /home/nived/Desktop/Aegis/data/features
2026-09-17 18:44:30 [INFO] watcher —   Pipeline  : /home/nived/Desktop/Aegis/features/pipeline.py
2026-09-17 18:44:30 [INFO] watcher —   Settle    : 3.0s
2026-09-17 18:44:30 [INFO] watcher —   Queue max : 10000 rows
2026-09-17 18:44:30 [INFO] watcher — ============================================================
2026-09-17 18:44:30 [INFO] watcher — Settle tracker started (settle window: 3.0s)
2026-09-17 18:44:30 [INFO] watcher — Found 2 existing log file(s) on startup — processing:
2026-09-17 18:44:30 [INFO] watcher —   → zeek/logs/conn.log
2026-09-17 18:44:30 [INFO] watcher —   → zeek/logs/dns.log
2026-09-17 18:44:30 [INFO] watcher — Watching /home/nived/Desktop/Aegis/zeek/logs — press Ctrl+C to stop
2026-09-17 18:44:33 [INFO] watcher — [2026-09-17T13:14:33.202039] TRIGGER pipeline.py — file: conn.log  size: 220.2 KB bytes
2026-09-17 18:44:33 [INFO] watcher — Running: /usr/bin/python3 ./features/pipeline.py --zeek-dir zeek/logs --output-dir data/features --scenario-name live_1789650873
2026-09-17 18:44:34 [INFO] watcher — [2026-09-17T13:14:34.158659] pipeline.py completed in 0.96s — output: data/features/live_1789650873.parquet
2026-09-17 18:44:34 [INFO] watcher — Enqueued 2052 rows from live_1789650873.parquet into staging queue (queue size now: 1051)
2026-09-17 18:44:34 [INFO] watcher — [2026-09-17T13:14:34.579966] TRIGGER pipeline.py — file: dns.log  size: 869.0 B bytes
2026-09-17 18:44:34 [INFO] watcher — Running: /usr/bin/python3 ./features/pipeline.py --zeek-dir zeek/logs --output-dir data/features --scenario-name live_1789650874
2026-09-17 18:44:35 [INFO] watcher — [2026-09-17T13:14:35.593053] pipeline.py completed in 1.01s — output: data/features/live_1789650874.parquet
2026-09-17 18:44:35 [INFO] watcher — Enqueued 2052 rows from live_1789650874.parquet into staging queue (queue size now: 1551)
2026-09-17 18:44:40 [INFO] kafka.producer — Stats (last 10s) — published: 4104 rows | dropped: 0 | batches: 12 | delivery_errors: 0
2026-09-17 18:44:50 [INFO] kafka.producer — Stats (last 10s) — published: 0 rows | dropped: 0 | batches: 0 | delivery_errors: 0
2026-09-17 18:45:00 [INFO] kafka.producer — Stats (last 10s) — published: 0 rows | dropped: 0 | batches: 0 | delivery_errors: 0
2026-09-17 18:45:00 [INFO] watcher — Heartbeat — staging queue: 0 rows | watcher alive
2026-09-17 18:45:10 [INFO] kafka.producer — Stats (last 10s) — published: 0 rows | dropped: 0 | batches: 0 | delivery_errors: 0
2026-09-17 18:45:20 [INFO] kafka.producer — Stats (last 10s) — published: 0 rows | dropped: 0 | batches: 0 | delivery_errors: 0
2026-09-17 18:45:30 [INFO] kafka.producer — Stats (last 10s) — published: 0 rows | dropped: 0 | batches: 0 | delivery_errors: 0
2026-09-17 18:45:40 [INFO] kafka.producer — Stats (last 10s) — published: 0 rows | dropped: 0 | batches: 0 | delivery_errors: 0
2026-09-17 18:45:50 [INFO] kafka.producer — Stats (last 10s) — published: 0 rows | dropped: 0 | batches: 0 | delivery_errors: 0
2026-09-17 18:46:00 [INFO] kafka.producer — Stats (last 10s) — published: 0 rows | dropped: 0 | batches: 0 | delivery_errors: 0
2026-09-17 18:46:00 [INFO] watcher — Heartbeat — staging queue: 0 rows | watcher alive
2026-09-17 18:46:10 [INFO] kafka.producer — Stats (last 10s) — published: 0 rows | dropped: 0 | batches: 0 | delivery_errors: 0
2026-09-17 18:46:20 [INFO] kafka.producer — Stats (last 10s) — published: 0 rows | dropped: 0 | batches: 0 | delivery_errors: 0
2026-09-17 18:46:30 [INFO] kafka.producer — Stats (last 10s) — published: 0 rows | dropped: 0 | batches: 0 | delivery_errors: 0
2026-09-17 18:46:40 [INFO] kafka.producer — Stats (last 10s) — published: 0 rows | dropped: 0 | batches: 0 | delivery_errors: 0
2026-09-17 18:46:50 [INFO] kafka.producer — Stats (last 10s) — published: 0 rows | dropped: 0 | batches: 0 | delivery_errors: 0
2026-09-17 18:47:00 [INFO] kafka.producer — Stats (last 10s) — published: 0 rows | dropped: 0 | batches: 0 | delivery_errors: 0
2026-09-17 18:47:00 [INFO] watcher — Heartbeat — staging queue: 0 rows | watcher alive
2026-09-17 18:47:10 [INFO] kafka.producer — Stats (last 10s) — published: 0 rows | dropped: 0 | batches: 0 | delivery_errors: 0
2026-09-17 18:47:20 [INFO] kafka.producer — Stats (last 10s) — published: 0 rows | dropped: 0 | batches: 0 | delivery_errors: 0
2026-09-17 18:47:30 [INFO] kafka.producer — Stats (last 10s) — published: 0 rows | dropped: 0 | batches: 0 | delivery_errors: 0
2026-09-17 18:47:40 [INFO] kafka.producer — Stats (last 10s) — published: 0 rows | dropped: 0 | batches: 0 | delivery_errors: 0
2026-09-17 18:47:50 [INFO] kafka.producer — Stats (last 10s) — published: 0 rows | dropped: 0 | batches: 0 | delivery_errors: 0
2026-09-17 18:48:00 [INFO] kafka.producer — Stats (last 10s) — published: 0 rows | dropped: 0 | batches: 0 | delivery_errors: 0
2026-09-17 18:48:00 [INFO] watcher — Heartbeat — staging queue: 0 rows | watcher alive
2026-09-17 18:48:10 [INFO] kafka.producer — Stats (last 10s) — published: 0 rows | dropped: 0 | batches: 0 | delivery_errors: 0
2026-09-17 18:48:20 [INFO] kafka.producer — Stats (last 10s) — published: 0 rows | dropped: 0 | batches: 0 | delivery_errors: 0
2026-09-17 18:48:30 [INFO] kafka.producer — Stats (last 10s) — published: 0 rows | dropped: 0 | batches: 0 | delivery_errors: 0
2026-09-17 18:48:40 [INFO] kafka.producer — Stats (last 10s) — published: 0 rows | dropped: 0 | batches: 0 | delivery_errors: 0
2026-09-17 18:48:50 [INFO] kafka.producer — Stats (last 10s) — published: 0 rows | dropped: 0 | batches: 0 | delivery_errors: 0
2026-09-17 18:49:00 [INFO] kafka.producer — Stats (last 10s) — published: 0 rows | dropped: 0 | batches: 0 | delivery_errors: 0
2026-09-17 18:49:00 [INFO] watcher — Heartbeat — staging queue: 0 rows | watcher alive
2026-09-17 18:49:10 [INFO] kafka.producer — Stats (last 10s) — published: 0 rows | dropped: 0 | batches: 0 | delivery_errors: 0
2026-09-17 18:49:20 [INFO] kafka.producer — Stats (last 10s) — published: 0 rows | dropped: 0 | batches: 0 | delivery_errors: 0
2026-09-17 18:49:30 [INFO] kafka.producer — Stats (last 10s) — published: 0 rows | dropped: 0 | batches: 0 | delivery_errors: 0
2026-09-17 18:49:40 [INFO] kafka.producer — Stats (last 10s) — published: 0 rows | dropped: 0 | batches: 0 | delivery_errors: 0
2026-09-17 18:49:50 [INFO] kafka.producer — Stats (last 10s) — published: 0 rows | dropped: 0 | batches: 0 | delivery_errors: 0
2026-09-17 18:50:00 [INFO] kafka.producer — Stats (last 10s) — published: 0 rows | dropped: 0 | batches: 0 | delivery_errors: 0
2026-09-17 18:50:00 [INFO] watcher — Heartbeat — staging queue: 0 rows | watcher alive
2026-09-17 18:50:10 [INFO] kafka.producer — Stats (last 10s) — published: 0 rows | dropped: 0 | batches: 0 | delivery_errors: 0
2026-09-17 18:50:20 [INFO] kafka.producer — Stats (last 10s) — published: 0 rows | dropped: 0 | batches: 0 | delivery_errors: 0
2026-09-17 18:50:30 [INFO] kafka.producer — Stats (last 10s) — published: 0 rows | dropped: 0 | batches: 0 | delivery_errors: 0
2026-09-17 18:50:40 [INFO] kafka.producer — Stats (last 10s) — published: 0 rows | dropped: 0 | batches: 0 | delivery_errors: 0
2026-09-17 18:50:50 [INFO] kafka.producer — Stats (last 10s) — published: 0 rows | dropped: 0 | batches: 0 | delivery_errors: 0
2026-09-17 18:51:00 [INFO] kafka.producer — Stats (last 10s) — published: 0 rows | dropped: 0 | batches: 0 | delivery_errors: 0
2026-09-17 18:51:00 [INFO] watcher — Heartbeat — staging queue: 0 rows | watcher alive
2026-09-17 18:51:10 [INFO] kafka.producer — Stats (last 10s) — published: 0 rows | dropped: 0 | batches: 0 | delivery_errors: 0
2026-09-17 18:51:20 [INFO] kafka.producer — Stats (last 10s) — published: 0 rows | dropped: 0 | batches: 0 | delivery_errors: 0
2026-09-17 18:51:30 [INFO] kafka.producer — Stats (last 10s) — published: 0 rows | dropped: 0 | batches: 0 | delivery_errors: 0
2026-09-17 18:51:40 [INFO] kafka.producer — Stats (last 10s) — published: 0 rows | dropped: 0 | batches: 0 | delivery_errors: 0
2026-09-17 18:51:50 [INFO] kafka.producer — Stats (last 10s) — published: 0 rows | dropped: 0 | batches: 0 | delivery_errors: 0
2026-09-17 18:52:00 [INFO] kafka.producer — Stats (last 10s) — published: 0 rows | dropped: 0 | batches: 0 | delivery_errors: 0
2026-09-17 18:52:00 [INFO] watcher — Heartbeat — staging queue: 0 rows | watcher alive
2026-09-17 18:52:10 [INFO] kafka.producer — Stats (last 10s) — published: 0 rows | dropped: 0 | batches: 0 | delivery_errors: 0
2026-09-17 18:52:20 [INFO] kafka.producer — Stats (last 10s) — published: 0 rows | dropped: 0 | batches: 0 | delivery_errors: 0
2026-09-17 18:52:30 [INFO] kafka.producer — Stats (last 10s) — published: 0 rows | dropped: 0 | batches: 0 | delivery_errors: 0
2026-09-17 18:52:40 [INFO] kafka.producer — Stats (last 10s) — published: 0 rows | dropped: 0 | batches: 0 | delivery_errors: 0
2026-09-17 18:52:50 [INFO] kafka.producer — Stats (last 10s) — published: 0 rows | dropped: 0 | batches: 0 | delivery_errors: 0
2026-09-17 18:53:00 [INFO] kafka.producer — Stats (last 10s) — published: 0 rows | dropped: 0 | batches: 0 | delivery_errors: 0
2026-09-17 18:53:00 [INFO] watcher — Heartbeat — staging queue: 0 rows | watcher alive
2026-09-17 18:53:10 [INFO] kafka.producer — Stats (last 10s) — published: 0 rows | dropped: 0 | batches: 0 | delivery_errors: 0
2026-09-17 18:53:20 [INFO] kafka.producer — Stats (last 10s) — published: 0 rows | dropped: 0 | batches: 0 | delivery_errors: 0
2026-09-17 18:53:30 [INFO] kafka.producer — Stats (last 10s) — published: 0 rows | dropped: 0 | batches: 0 | delivery_errors: 0
2026-09-17 18:53:40 [INFO] kafka.producer — Stats (last 10s) — published: 0 rows | dropped: 0 | batches: 0 | delivery_errors: 0
2026-09-17 18:53:50 [INFO] kafka.producer — Stats (last 10s) — published: 0 rows | dropped: 0 | batches: 0 | delivery_errors: 0
2026-09-17 18:54:00 [INFO] kafka.producer — Stats (last 10s) — published: 0 rows | dropped: 0 | batches: 0 | delivery_errors: 0
2026-09-17 18:54:00 [INFO] watcher — Heartbeat — staging queue: 0 rows | watcher alive
2026-09-17 18:54:10 [INFO] kafka.producer — Stats (last 10s) — published: 0 rows | dropped: 0 | batches: 0 | delivery_errors: 0
2026-09-17 18:54:20 [INFO] kafka.producer — Stats (last 10s) — published: 0 rows | dropped: 0 | batches: 0 | delivery_errors: 0
2026-09-17 18:54:30 [INFO] kafka.producer — Stats (last 10s) — published: 0 rows | dropped: 0 | batches: 0 | delivery_errors: 0
2026-09-17 18:54:40 [INFO] kafka.producer — Stats (last 10s) — published: 0 rows | dropped: 0 | batches: 0 | delivery_errors: 0
2026-09-17 18:54:50 [INFO] kafka.producer — Stats (last 10s) — published: 0 rows | dropped: 0 | batches: 0 | delivery_errors: 0
2026-09-17 18:55:00 [INFO] kafka.producer — Stats (last 10s) — published: 0 rows | dropped: 0 | batches: 0 | delivery_errors: 0
2026-09-17 18:55:00 [INFO] watcher — Heartbeat — staging queue: 0 rows | watcher alive
2026-09-17 18:55:10 [INFO] kafka.producer — Stats (last 10s) — published: 0 rows | dropped: 0 | batches: 0 | delivery_errors: 0
2026-09-17 18:55:20 [INFO] kafka.producer — Stats (last 10s) — published: 0 rows | dropped: 0 | batches: 0 | delivery_errors: 0
2026-09-17 18:55:30 [INFO] kafka.producer — Stats (last 10s) — published: 0 rows | dropped: 0 | batches: 0 | delivery_errors: 0
2026-09-17 18:55:40 [INFO] kafka.producer — Stats (last 10s) — published: 0 rows | dropped: 0 | batches: 0 | delivery_errors: 0
2026-09-17 18:55:50 [INFO] kafka.producer — Stats (last 10s) — published: 0 rows | dropped: 0 | batches: 0 | delivery_errors: 0
2026-09-17 18:56:00 [INFO] kafka.producer — Stats (last 10s) — published: 0 rows | dropped: 0 | batches: 0 | delivery_errors: 0
2026-09-17 18:56:00 [INFO] watcher — Heartbeat — staging queue: 0 rows | watcher alive
2026-09-17 18:56:10 [INFO] kafka.producer — Stats (last 10s) — published: 0 rows | dropped: 0 | batches: 0 | delivery_errors: 0
2026-09-17 18:56:20 [INFO] kafka.producer — Stats (last 10s) — published: 0 rows | dropped: 0 | batches: 0 | delivery_errors: 0
2026-09-17 18:56:30 [INFO] kafka.producer — Stats (last 10s) — published: 0 rows | dropped: 0 | batches: 0 | delivery_errors: 0
2026-09-17 18:56:40 [INFO] kafka.producer — Stats (last 10s) — published: 0 rows | dropped: 0 | batches: 0 | delivery_errors: 0
2026-09-17 18:56:50 [INFO] kafka.producer — Stats (last 10s) — published: 0 rows | dropped: 0 | batches: 0 | delivery_errors: 0
2026-09-17 18:57:00 [INFO] kafka.producer — Stats (last 10s) — published: 0 rows | dropped: 0 | batches: 0 | delivery_errors: 0
2026-09-17 18:57:00 [INFO] watcher — Heartbeat — staging queue: 0 rows | watcher alive
2026-09-17 18:57:10 [INFO] kafka.producer — Stats (last 10s) — published: 0 rows | dropped: 0 | batches: 0 | delivery_errors: 0
2026-09-17 18:57:20 [INFO] kafka.producer — Stats (last 10s) — published: 0 rows | dropped: 0 | batches: 0 | delivery_errors: 0
2026-09-17 18:57:30 [INFO] kafka.producer — Stats (last 10s) — published: 0 rows | dropped: 0 | batches: 0 | delivery_errors: 0
2026-09-17 18:57:40 [INFO] kafka.producer — Stats (last 10s) — published: 0 rows | dropped: 0 | batches: 0 | delivery_errors: 0
2026-09-17 18:57:50 [INFO] kafka.producer — Stats (last 10s) — published: 0 rows | dropped: 0 | batches: 0 | delivery_errors: 0
2026-09-17 18:58:00 [INFO] kafka.producer — Stats (last 10s) — published: 0 rows | dropped: 0 | batches: 0 | delivery_errors: 0
2026-09-17 18:58:00 [INFO] watcher — Heartbeat — staging queue: 0 rows | watcher alive
2026-09-17 18:58:10 [INFO] kafka.producer — Stats (last 10s) — published: 0 rows | dropped: 0 | batches: 0 | delivery_errors: 0
2026-09-17 18:58:20 [INFO] kafka.producer — Stats (last 10s) — published: 0 rows | dropped: 0 | batches: 0 | delivery_errors: 0
2026-09-17 18:58:30 [INFO] kafka.producer — Stats (last 10s) — published: 0 rows | dropped: 0 | batches: 0 | delivery_errors: 0
2026-09-17 18:58:40 [INFO] kafka.producer — Stats (last 10s) — published: 0 rows | dropped: 0 | batches: 0 | delivery_errors: 0
2026-09-17 18:58:50 [INFO] kafka.producer — Stats (last 10s) — published: 0 rows | dropped: 0 | batches: 0 | delivery_errors: 0
2026-09-17 18:59:00 [INFO] kafka.producer — Stats (last 10s) — published: 0 rows | dropped: 0 | batches: 0 | delivery_errors: 0
2026-09-17 18:59:00 [INFO] watcher — Heartbeat — staging queue: 0 rows | watcher alive
2026-09-17 18:59:10 [INFO] kafka.producer — Stats (last 10s) — published: 0 rows | dropped: 0 | batches: 0 | delivery_errors: 0
2026-09-17 18:59:20 [INFO] kafka.producer — Stats (last 10s) — published: 0 rows | dropped: 0 | batches: 0 | delivery_errors: 0
2026-09-17 18:59:30 [INFO] kafka.producer — Stats (last 10s) — published: 0 rows | dropped: 0 | batches: 0 | delivery_errors: 0
2026-09-17 18:59:40 [INFO] kafka.producer — Stats (last 10s) — published: 0 rows | dropped: 0 | batches: 0 | delivery_errors: 0
2026-09-17 18:59:50 [INFO] kafka.producer — Stats (last 10s) — published: 0 rows | dropped: 0 | batches: 0 | delivery_errors: 0
2026-09-17 19:00:00 [INFO] kafka.producer — Stats (last 10s) — published: 0 rows | dropped: 0 | batches: 0 | delivery_errors: 0
2026-09-17 19:00:00 [INFO] watcher — Heartbeat — staging queue: 0 rows | watcher alive
2026-09-17 19:00:10 [INFO] kafka.producer — Stats (last 10s) — published: 0 rows | dropped: 0 | batches: 0 | delivery_errors: 0
2026-09-17 19:00:20 [INFO] kafka.producer — Stats (last 10s) — published: 0 rows | dropped: 0 | batches: 0 | delivery_errors: 0
2026-09-17 19:00:30 [INFO] kafka.producer — Stats (last 10s) — published: 0 rows | dropped: 0 | batches: 0 | delivery_errors: 0
2026-09-17 19:00:40 [INFO] kafka.producer — Stats (last 10s) — published: 0 rows | dropped: 0 | batches: 0 | delivery_errors: 0
2026-09-17 19:00:50 [INFO] kafka.producer — Stats (last 10s) — published: 0 rows | dropped: 0 | batches: 0 | delivery_errors: 0
2026-09-17 19:01:00 [INFO] kafka.producer — Stats (last 10s) — published: 0 rows | dropped: 0 | batches: 0 | delivery_errors: 0
2026-09-17 19:01:00 [INFO] watcher — Heartbeat — staging queue: 0 rows | watcher alive
2026-09-17 19:01:10 [INFO] kafka.producer — Stats (last 10s) — published: 0 rows | dropped: 0 | batches: 0 | delivery_errors: 0
2026-09-17 19:01:20 [INFO] kafka.producer — Stats (last 10s) — published: 0 rows | dropped: 0 | batches: 0 | delivery_errors: 0
2026-09-17 19:01:30 [INFO] kafka.producer — Stats (last 10s) — published: 0 rows | dropped: 0 | batches: 0 | delivery_errors: 0
2026-09-17 19:01:40 [INFO] kafka.producer — Stats (last 10s) — published: 0 rows | dropped: 0 | batches: 0 | delivery_errors: 0
2026-09-17 19:01:50 [INFO] kafka.producer — Stats (last 10s) — published: 0 rows | dropped: 0 | batches: 0 | delivery_errors: 0
2026-09-17 19:02:00 [INFO] kafka.producer — Stats (last 10s) — published: 0 rows | dropped: 0 | batches: 0 | delivery_errors: 0
2026-09-17 19:02:00 [INFO] watcher — Heartbeat — staging queue: 0 rows | watcher alive
2026-09-17 19:02:10 [INFO] kafka.producer — Stats (last 10s) — published: 0 rows | dropped: 0 | batches: 0 | delivery_errors: 0
2026-09-17 19:02:20 [INFO] kafka.producer — Stats (last 10s) — published: 0 rows | dropped: 0 | batches: 0 | delivery_errors: 0
2026-09-17 19:02:30 [INFO] kafka.producer — Stats (last 10s) — published: 0 rows | dropped: 0 | batches: 0 | delivery_errors: 0
2026-09-17 19:02:40 [INFO] kafka.producer — Stats (last 10s) — published: 0 rows | dropped: 0 | batches: 0 | delivery_errors: 0
2026-09-17 19:02:50 [INFO] kafka.producer — Stats (last 10s) — published: 0 rows | dropped: 0 | batches: 0 | delivery_errors: 0
2026-09-17 19:03:00 [INFO] kafka.producer — Stats (last 10s) — published: 0 rows | dropped: 0 | batches: 0 | delivery_errors: 0
2026-09-17 19:03:00 [INFO] watcher — Heartbeat — staging queue: 0 rows | watcher alive
2026-09-17 19:03:10 [INFO] kafka.producer — Stats (last 10s) — published: 0 rows | dropped: 0 | batches: 0 | delivery_errors: 0
2026-09-17 19:03:20 [INFO] kafka.producer — Stats (last 10s) — published: 0 rows | dropped: 0 | batches: 0 | delivery_errors: 0
2026-09-17 19:03:30 [INFO] kafka.producer — Stats (last 10s) — published: 0 rows | dropped: 0 | batches: 0 | delivery_errors: 0
2026-09-17 19:03:40 [INFO] kafka.producer — Stats (last 10s) — published: 0 rows | dropped: 0 | batches: 0 | delivery_errors: 0
2026-09-17 19:03:50 [INFO] kafka.producer — Stats (last 10s) — published: 0 rows | dropped: 0 | batches: 0 | delivery_errors: 0
2026-09-17 19:04:00 [INFO] kafka.producer — Stats (last 10s) — published: 0 rows | dropped: 0 | batches: 0 | delivery_errors: 0
2026-09-17 19:04:00 [INFO] watcher — Heartbeat — staging queue: 0 rows | watcher alive
2026-09-17 19:04:10 [INFO] kafka.producer — Stats (last 10s) — published: 0 rows | dropped: 0 | batches: 0 | delivery_errors: 0
2026-09-17 19:04:20 [INFO] kafka.producer — Stats (last 10s) — published: 0 rows | dropped: 0 | batches: 0 | delivery_errors: 0
2026-09-17 19:04:30 [INFO] kafka.producer — Stats (last 10s) — published: 0 rows | dropped: 0 | batches: 0 | delivery_errors: 0
2026-09-17 19:04:40 [INFO] kafka.producer — Stats (last 10s) — published: 0 rows | dropped: 0 | batches: 0 | delivery_errors: 0
2026-09-17 19:04:50 [INFO] kafka.producer — Stats (last 10s) — published: 0 rows | dropped: 0 | batches: 0 | delivery_errors: 0
2026-09-17 19:05:00 [INFO] kafka.producer — Stats (last 10s) — published: 0 rows | dropped: 0 | batches: 0 | delivery_errors: 0
2026-09-17 19:05:00 [INFO] watcher — Heartbeat — staging queue: 0 rows | watcher alive
2026-09-17 19:05:10 [INFO] kafka.producer — Stats (last 10s) — published: 0 rows | dropped: 0 | batches: 0 | delivery_errors: 0
2026-09-17 19:05:20 [INFO] kafka.producer — Stats (last 10s) — published: 0 rows | dropped: 0 | batches: 0 | delivery_errors: 0
2026-09-17 19:05:30 [INFO] kafka.producer — Stats (last 10s) — published: 0 rows | dropped: 0 | batches: 0 | delivery_errors: 0
2026-09-17 19:05:40 [INFO] kafka.producer — Stats (last 10s) — published: 0 rows | dropped: 0 | batches: 0 | delivery_errors: 0
2026-09-17 19:05:50 [INFO] kafka.producer — Stats (last 10s) — published: 0 rows | dropped: 0 | batches: 0 | delivery_errors: 0
2026-09-17 19:06:00 [INFO] kafka.producer — Stats (last 10s) — published: 0 rows | dropped: 0 | batches: 0 | delivery_errors: 0
2026-09-17 19:06:00 [INFO] watcher — Heartbeat — staging queue: 0 rows | watcher alive
2026-09-17 19:06:10 [INFO] kafka.producer — Stats (last 10s) — published: 0 rows | dropped: 0 | batches: 0 | delivery_errors: 0
2026-09-17 19:06:20 [INFO] kafka.producer — Stats (last 10s) — published: 0 rows | dropped: 0 | batches: 0 | delivery_errors: 0
2026-09-17 19:06:30 [INFO] kafka.producer — Stats (last 10s) — published: 0 rows | dropped: 0 | batches: 0 | delivery_errors: 0
2026-09-17 19:06:40 [INFO] kafka.producer — Stats (last 10s) — published: 0 rows | dropped: 0 | batches: 0 | delivery_errors: 0
2026-09-17 19:06:50 [INFO] kafka.producer — Stats (last 10s) — published: 0 rows | dropped: 0 | batches: 0 | delivery_errors: 0
2026-09-17 19:07:00 [INFO] kafka.producer — Stats (last 10s) — published: 0 rows | dropped: 0 | batches: 0 | delivery_errors: 0
2026-09-17 19:07:00 [INFO] watcher — Heartbeat — staging queue: 0 rows | watcher alive
2026-09-17 19:07:10 [INFO] kafka.producer — Stats (last 10s) — published: 0 rows | dropped: 0 | batches: 0 | delivery_errors: 0
2026-09-17 19:07:20 [INFO] kafka.producer — Stats (last 10s) — published: 0 rows | dropped: 0 | batches: 0 | delivery_errors: 0
2026-09-17 19:07:30 [INFO] kafka.producer — Stats (last 10s) — published: 0 rows | dropped: 0 | batches: 0 | delivery_errors: 0
2026-09-17 19:07:40 [INFO] kafka.producer — Stats (last 10s) — published: 0 rows | dropped: 0 | batches: 0 | delivery_errors: 0
2026-09-17 19:07:50 [INFO] kafka.producer — Stats (last 10s) — published: 0 rows | dropped: 0 | batches: 0 | delivery_errors: 0
2026-09-17 19:08:00 [INFO] kafka.producer — Stats (last 10s) — published: 0 rows | dropped: 0 | batches: 0 | delivery_errors: 0
2026-09-17 19:08:00 [INFO] watcher — Heartbeat — staging queue: 0 rows | watcher alive
2026-09-17 19:08:10 [INFO] kafka.producer — Stats (last 10s) — published: 0 rows | dropped: 0 | batches: 0 | delivery_errors: 0
2026-09-17 19:08:20 [INFO] kafka.producer — Stats (last 10s) — published: 0 rows | dropped: 0 | batches: 0 | delivery_errors: 0
2026-09-17 19:08:30 [INFO] kafka.producer — Stats (last 10s) — published: 0 rows | dropped: 0 | batches: 0 | delivery_errors: 0
2026-09-17 19:08:40 [INFO] kafka.producer — Stats (last 10s) — published: 0 rows | dropped: 0 | batches: 0 | delivery_errors: 0
2026-09-17 19:08:50 [INFO] kafka.producer — Stats (last 10s) — published: 0 rows | dropped: 0 | batches: 0 | delivery_errors: 0
2026-09-17 19:09:00 [INFO] kafka.producer — Stats (last 10s) — published: 0 rows | dropped: 0 | batches: 0 | delivery_errors: 0
2026-09-17 19:09:00 [INFO] watcher — Heartbeat — staging queue: 0 rows | watcher alive
2026-09-17 19:09:10 [INFO] kafka.producer — Stats (last 10s) — published: 0 rows | dropped: 0 | batches: 0 | delivery_errors: 0
2026-09-17 19:09:20 [INFO] kafka.producer — Stats (last 10s) — published: 0 rows | dropped: 0 | batches: 0 | delivery_errors: 0
2026-09-17 19:09:30 [INFO] kafka.producer — Stats (last 10s) — published: 0 rows | dropped: 0 | batches: 0 | delivery_errors: 0
2026-09-17 19:09:40 [INFO] kafka.producer — Stats (last 10s) — published: 0 rows | dropped: 0 | batches: 0 | delivery_errors: 0
2026-09-17 19:09:50 [INFO] kafka.producer — Stats (last 10s) — published: 0 rows | dropped: 0 | batches: 0 | delivery_errors: 0
2026-09-17 19:10:00 [INFO] kafka.producer — Stats (last 10s) — published: 0 rows | dropped: 0 | batches: 0 | delivery_errors: 0
2026-09-17 19:10:00 [INFO] watcher — Heartbeat — staging queue: 0 rows | watcher alive
2026-09-17 19:10:10 [INFO] kafka.producer — Stats (last 10s) — published: 0 rows | dropped: 0 | batches: 0 | delivery_errors: 0
2026-09-17 19:10:20 [INFO] kafka.producer — Stats (last 10s) — published: 0 rows | dropped: 0 | batches: 0 | delivery_errors: 0
2026-09-17 19:10:30 [INFO] kafka.producer — Stats (last 10s) — published: 0 rows | dropped: 0 | batches: 0 | delivery_errors: 0
2026-09-17 19:10:40 [INFO] kafka.producer — Stats (last 10s) — published: 0 rows | dropped: 0 | batches: 0 | delivery_errors: 0
2026-09-17 19:10:50 [INFO] kafka.producer — Stats (last 10s) — published: 0 rows | dropped: 0 | batches: 0 | delivery_errors: 0
2026-09-17 19:11:00 [INFO] kafka.producer — Stats (last 10s) — published: 0 rows | dropped: 0 | batches: 0 | delivery_errors: 0
2026-09-17 19:11:00 [INFO] watcher — Heartbeat — staging queue: 0 rows | watcher alive
2026-09-17 19:11:10 [INFO] kafka.producer — Stats (last 10s) — published: 0 rows | dropped: 0 | batches: 0 | delivery_errors: 0
2026-09-17 19:11:20 [INFO] kafka.producer — Stats (last 10s) — published: 0 rows | dropped: 0 | batches: 0 | delivery_errors: 0
2026-09-17 19:11:30 [INFO] kafka.producer — Stats (last 10s) — published: 0 rows | dropped: 0 | batches: 0 | delivery_errors: 0
2026-09-17 19:11:40 [INFO] kafka.producer — Stats (last 10s) — published: 0 rows | dropped: 0 | batches: 0 | delivery_errors: 0
2026-09-17 19:11:50 [INFO] kafka.producer — Stats (last 10s) — published: 0 rows | dropped: 0 | batches: 0 | delivery_errors: 0
2026-09-17 19:12:00 [INFO] kafka.producer — Stats (last 10s) — published: 0 rows | dropped: 0 | batches: 0 | delivery_errors: 0
2026-09-17 19:12:00 [INFO] watcher — Heartbeat — staging queue: 0 rows | watcher alive
2026-09-17 19:12:10 [INFO] kafka.producer — Stats (last 10s) — published: 0 rows | dropped: 0 | batches: 0 | delivery_errors: 0
2026-09-17 19:12:20 [INFO] kafka.producer — Stats (last 10s) — published: 0 rows | dropped: 0 | batches: 0 | delivery_errors: 0
2026-09-17 19:12:30 [INFO] kafka.producer — Stats (last 10s) — published: 0 rows | dropped: 0 | batches: 0 | delivery_errors: 0
2026-09-17 19:12:40 [INFO] kafka.producer — Stats (last 10s) — published: 0 rows | dropped: 0 | batches: 0 | delivery_errors: 0
2026-09-17 19:12:50 [INFO] kafka.producer — Stats (last 10s) — published: 0 rows | dropped: 0 | batches: 0 | delivery_errors: 0
2026-09-17 19:13:00 [INFO] kafka.producer — Stats (last 10s) — published: 0 rows | dropped: 0 | batches: 0 | delivery_errors: 0
2026-09-17 19:13:00 [INFO] watcher — Heartbeat — staging queue: 0 rows | watcher alive
2026-09-17 19:13:10 [INFO] kafka.producer — Stats (last 10s) — published: 0 rows | dropped: 0 | batches: 0 | delivery_errors: 0
2026-09-17 19:13:20 [INFO] kafka.producer — Stats (last 10s) — published: 0 rows | dropped: 0 | batches: 0 | delivery_errors: 0
2026-09-17 19:13:30 [INFO] kafka.producer — Stats (last 10s) — published: 0 rows | dropped: 0 | batches: 0 | delivery_errors: 0
2026-09-17 19:13:40 [INFO] kafka.producer — Stats (last 10s) — published: 0 rows | dropped: 0 | batches: 0 | delivery_errors: 0
2026-09-17 19:13:50 [INFO] kafka.producer — Stats (last 10s) — published: 0 rows | dropped: 0 | batches: 0 | delivery_errors: 0
2026-09-17 19:14:00 [INFO] kafka.producer — Stats (last 10s) — published: 0 rows | dropped: 0 | batches: 0 | delivery_errors: 0
2026-09-17 19:14:00 [INFO] watcher — Heartbeat — staging queue: 0 rows | watcher alive
2026-09-17 19:14:10 [INFO] kafka.producer — Stats (last 10s) — published: 0 rows | dropped: 0 | batches: 0 | delivery_errors: 0
2026-09-17 19:14:20 [INFO] kafka.producer — Stats (last 10s) — published: 0 rows | dropped: 0 | batches: 0 | delivery_errors: 0
2026-09-17 19:14:30 [INFO] kafka.producer — Stats (last 10s) — published: 0 rows | dropped: 0 | batches: 0 | delivery_errors: 0
2026-09-17 19:14:40 [INFO] kafka.producer — Stats (last 10s) — published: 0 rows | dropped: 0 | batches: 0 | delivery_errors: 0
2026-09-17 19:14:50 [INFO] kafka.producer — Stats (last 10s) — published: 0 rows | dropped: 0 | batches: 0 | delivery_errors: 0
2026-09-17 19:15:00 [INFO] kafka.producer — Stats (last 10s) — published: 0 rows | dropped: 0 | batches: 0 | delivery_errors: 0
2026-09-17 19:15:00 [INFO] watcher — Heartbeat — staging queue: 0 rows | watcher alive
2026-09-17 19:15:10 [INFO] kafka.producer — Stats (last 10s) — published: 0 rows | dropped: 0 | batches: 0 | delivery_errors: 0
2026-09-17 19:15:20 [INFO] kafka.producer — Stats (last 10s) — published: 0 rows | dropped: 0 | batches: 0 | delivery_errors: 0
2026-09-17 19:15:21 [INFO] watcher — [2026-09-17T13:45:21.972415] TRIGGER pipeline.py — file: conn.log  size: 220.3 KB bytes
2026-09-17 19:15:21 [INFO] watcher — Running: /usr/bin/python3 ./features/pipeline.py --zeek-dir zeek/logs --output-dir data/features --scenario-name live_1789652721
2026-09-17 19:15:22 [INFO] watcher — [2026-09-17T13:45:22.930795] pipeline.py completed in 0.96s — output: data/features/live_1789652721.parquet
2026-09-17 19:15:23 [INFO] watcher — Enqueued 2053 rows from live_1789652721.parquet into staging queue (queue size now: 1553)
2026-09-17 19:15:30 [INFO] kafka.producer — Stats (last 10s) — published: 2053 rows | dropped: 0 | batches: 5 | delivery_errors: 0
2026-09-17 19:15:40 [INFO] kafka.producer — Stats (last 10s) — published: 0 rows | dropped: 0 | batches: 0 | delivery_errors: 0
2026-09-17 19:15:50 [INFO] kafka.producer — Stats (last 10s) — published: 0 rows | dropped: 0 | batches: 0 | delivery_errors: 0
2026-09-17 19:16:00 [INFO] kafka.producer — Stats (last 10s) — published: 0 rows | dropped: 0 | batches: 0 | delivery_errors: 0
2026-09-17 19:16:00 [INFO] watcher — Heartbeat — staging queue: 0 rows | watcher alive
2026-09-17 19:16:05 [INFO] watcher — [2026-09-17T13:46:05.599344] TRIGGER pipeline.py — file: conn.log  size: 220.4 KB bytes
2026-09-17 19:16:05 [INFO] watcher — Running: /usr/bin/python3 ./features/pipeline.py --zeek-dir zeek/logs --output-dir data/features --scenario-name live_1789652765
2026-09-17 19:16:06 [INFO] watcher — [2026-09-17T13:46:06.732680] pipeline.py completed in 1.13s — output: data/features/live_1789652765.parquet
2026-09-17 19:16:07 [INFO] watcher — Enqueued 2054 rows from live_1789652765.parquet into staging queue (queue size now: 145)
2026-09-17 19:16:10 [INFO] kafka.producer — Stats (last 10s) — published: 2054 rows | dropped: 0 | batches: 5 | delivery_errors: 0
2026-09-17 19:16:20 [INFO] kafka.producer — Stats (last 10s) — published: 0 rows | dropped: 0 | batches: 0 | delivery_errors: 0
2026-09-17 19:16:30 [INFO] kafka.producer — Stats (last 10s) — published: 0 rows | dropped: 0 | batches: 0 | delivery_errors: 0
2026-09-17 19:16:40 [INFO] kafka.producer — Stats (last 10s) — published: 0 rows | dropped: 0 | batches: 0 | delivery_errors: 0
2026-09-17 19:16:50 [INFO] kafka.producer — Stats (last 10s) — published: 0 rows | dropped: 0 | batches: 0 | delivery_errors: 0
2026-09-17 19:17:00 [INFO] kafka.producer — Stats (last 10s) — published: 0 rows | dropped: 0 | batches: 0 | delivery_errors: 0
2026-09-17 19:17:00 [INFO] watcher — Heartbeat — staging queue: 0 rows | watcher alive
2026-09-17 19:17:10 [INFO] kafka.producer — Stats (last 10s) — published: 0 rows | dropped: 0 | batches: 0 | delivery_errors: 0
2026-09-17 19:17:15 [INFO] watcher — [2026-09-17T13:47:15.155567] TRIGGER pipeline.py — file: conn.log  size: 220.5 KB bytes
2026-09-17 19:17:15 [INFO] watcher — Running: /usr/bin/python3 ./features/pipeline.py --zeek-dir zeek/logs --output-dir data/features --scenario-name live_1789652835
2026-09-17 19:17:17 [INFO] watcher — [2026-09-17T13:47:17.033289] pipeline.py completed in 1.88s — output: data/features/live_1789652835.parquet
2026-09-17 19:17:17 [INFO] watcher — Enqueued 2055 rows from live_1789652835.parquet into staging queue (queue size now: 55)
2026-09-17 19:17:17 [INFO] watcher — [2026-09-17T13:47:17.335588] TRIGGER pipeline.py — file: dns.log  size: 1.3 KB bytes
2026-09-17 19:17:17 [INFO] watcher — Running: /usr/bin/python3 ./features/pipeline.py --zeek-dir zeek/logs --output-dir data/features --scenario-name live_1789652837
2026-09-17 19:17:18 [INFO] watcher — [2026-09-17T13:47:18.555833] pipeline.py completed in 1.22s — output: data/features/live_1789652837.parquet
2026-09-17 19:17:18 [INFO] watcher — Enqueued 2057 rows from live_1789652837.parquet into staging queue (queue size now: 557)
2026-09-17 19:17:19 [INFO] watcher — [2026-09-17T13:47:19.271472] TRIGGER pipeline.py — file: conn.log  size: 220.7 KB bytes
2026-09-17 19:17:19 [INFO] watcher — Running: /usr/bin/python3 ./features/pipeline.py --zeek-dir zeek/logs --output-dir data/features --scenario-name live_1789652839
2026-09-17 19:17:20 [INFO] kafka.producer — Stats (last 10s) — published: 4112 rows | dropped: 0 | batches: 10 | delivery_errors: 0
2026-09-17 19:17:20 [INFO] watcher — [2026-09-17T13:47:20.480385] pipeline.py completed in 1.21s — output: data/features/live_1789652839.parquet
2026-09-17 19:17:21 [INFO] watcher — Enqueued 2057 rows from live_1789652839.parquet into staging queue (queue size now: 12)
2026-09-17 19:17:30 [INFO] kafka.producer — Stats (last 10s) — published: 2057 rows | dropped: 0 | batches: 6 | delivery_errors: 0
2026-09-17 19:17:40 [INFO] kafka.producer — Stats (last 10s) — published: 0 rows | dropped: 0 | batches: 0 | delivery_errors: 0
2026-09-17 19:17:50 [INFO] kafka.producer — Stats (last 10s) — published: 0 rows | dropped: 0 | batches: 0 | delivery_errors: 0
2026-09-17 19:18:00 [INFO] kafka.producer — Stats (last 10s) — published: 0 rows | dropped: 0 | batches: 0 | delivery_errors: 0
2026-09-17 19:18:00 [INFO] watcher — Heartbeat — staging queue: 0 rows | watcher alive
2026-09-17 19:18:10 [INFO] kafka.producer — Stats (last 10s) — published: 0 rows | dropped: 0 | batches: 0 | delivery_errors: 0
2026-09-17 19:18:20 [INFO] kafka.producer — Stats (last 10s) — published: 0 rows | dropped: 0 | batches: 0 | delivery_errors: 0
2026-09-17 19:18:30 [INFO] kafka.producer — Stats (last 10s) — published: 0 rows | dropped: 0 | batches: 0 | delivery_errors: 0
2026-09-17 19:18:40 [INFO] kafka.producer — Stats (last 10s) — published: 0 rows | dropped: 0 | batches: 0 | delivery_errors: 0
2026-09-17 19:18:50 [INFO] kafka.producer — Stats (last 10s) — published: 0 rows | dropped: 0 | batches: 0 | delivery_errors: 0
2026-09-17 19:19:00 [INFO] kafka.producer — Stats (last 10s) — published: 0 rows | dropped: 0 | batches: 0 | delivery_errors: 0
2026-09-17 19:19:00 [INFO] watcher — Heartbeat — staging queue: 0 rows | watcher alive
2026-09-17 19:19:10 [INFO] kafka.producer — Stats (last 10s) — published: 0 rows | dropped: 0 | batches: 0 | delivery_errors: 0
2026-09-17 19:19:20 [INFO] kafka.producer — Stats (last 10s) — published: 0 rows | dropped: 0 | batches: 0 | delivery_errors: 0
2026-09-17 19:19:30 [INFO] kafka.producer — Stats (last 10s) — published: 0 rows | dropped: 0 | batches: 0 | delivery_errors: 0
2026-09-17 19:19:40 [INFO] kafka.producer — Stats (last 10s) — published: 0 rows | dropped: 0 | batches: 0 | delivery_errors: 0
2026-09-17 19:19:50 [INFO] kafka.producer — Stats (last 10s) — published: 0 rows | dropped: 0 | batches: 0 | delivery_errors: 0
2026-09-17 19:20:00 [INFO] kafka.producer — Stats (last 10s) — published: 0 rows | dropped: 0 | batches: 0 | delivery_errors: 0
2026-09-17 19:20:00 [INFO] watcher — Heartbeat — staging queue: 0 rows | watcher alive
2026-09-17 19:20:10 [INFO] kafka.producer — Stats (last 10s) — published: 0 rows | dropped: 0 | batches: 0 | delivery_errors: 0
2026-09-17 19:20:20 [INFO] kafka.producer — Stats (last 10s) — published: 0 rows | dropped: 0 | batches: 0 | delivery_errors: 0
2026-09-17 19:20:30 [INFO] kafka.producer — Stats (last 10s) — published: 0 rows | dropped: 0 | batches: 0 | delivery_errors: 0
2026-09-17 19:20:40 [INFO] kafka.producer — Stats (last 10s) — published: 0 rows | dropped: 0 | batches: 0 | delivery_errors: 0
2026-09-17 19:20:50 [INFO] kafka.producer — Stats (last 10s) — published: 0 rows | dropped: 0 | batches: 0 | delivery_errors: 0
2026-09-17 19:21:00 [INFO] kafka.producer — Stats (last 10s) — published: 0 rows | dropped: 0 | batches: 0 | delivery_errors: 0
2026-09-17 19:21:00 [INFO] watcher — Heartbeat — staging queue: 0 rows | watcher alive
2026-09-17 19:21:10 [INFO] kafka.producer — Stats (last 10s) — published: 0 rows | dropped: 0 | batches: 0 | delivery_errors: 0
2026-09-17 19:21:20 [INFO] kafka.producer — Stats (last 10s) — published: 0 rows | dropped: 0 | batches: 0 | delivery_errors: 0
2026-09-17 19:21:30 [INFO] kafka.producer — Stats (last 10s) — published: 0 rows | dropped: 0 | batches: 0 | delivery_errors: 0
2026-09-17 19:21:40 [INFO] kafka.producer — Stats (last 10s) — published: 0 rows | dropped: 0 | batches: 0 | delivery_errors: 0
2026-09-17 19:21:50 [INFO] kafka.producer — Stats (last 10s) — published: 0 rows | dropped: 0 | batches: 0 | delivery_errors: 0
2026-09-17 19:22:00 [INFO] kafka.producer — Stats (last 10s) — published: 0 rows | dropped: 0 | batches: 0 | delivery_errors: 0
2026-09-17 19:22:00 [INFO] watcher — Heartbeat — staging queue: 0 rows | watcher alive
2026-09-17 19:22:10 [INFO] kafka.producer — Stats (last 10s) — published: 0 rows | dropped: 0 | batches: 0 | delivery_errors: 0
2026-09-17 19:22:20 [INFO] kafka.producer — Stats (last 10s) — published: 0 rows | dropped: 0 | batches: 0 | delivery_errors: 0
2026-09-17 19:22:30 [INFO] kafka.producer — Stats (last 10s) — published: 0 rows | dropped: 0 | batches: 0 | delivery_errors: 0
2026-09-17 19:22:40 [INFO] kafka.producer — Stats (last 10s) — published: 0 rows | dropped: 0 | batches: 0 | delivery_errors: 0
2026-09-17 19:22:50 [INFO] kafka.producer — Stats (last 10s) — published: 0 rows | dropped: 0 | batches: 0 | delivery_errors: 0
2026-09-17 19:23:00 [INFO] kafka.producer — Stats (last 10s) — published: 0 rows | dropped: 0 | batches: 0 | delivery_errors: 0
2026-09-17 19:23:00 [INFO] watcher — Heartbeat — staging queue: 0 rows | watcher alive
2026-09-17 19:23:10 [INFO] kafka.producer — Stats (last 10s) — published: 0 rows | dropped: 0 | batches: 0 | delivery_errors: 0
2026-09-17 19:23:20 [INFO] kafka.producer — Stats (last 10s) — published: 0 rows | dropped: 0 | batches: 0 | delivery_errors: 0
2026-09-17 19:23:30 [INFO] kafka.producer — Stats (last 10s) — published: 0 rows | dropped: 0 | batches: 0 | delivery_errors: 0
2026-09-17 19:23:40 [INFO] kafka.producer — Stats (last 10s) — published: 0 rows | dropped: 0 | batches: 0 | delivery_errors: 0
2026-09-17 19:23:50 [INFO] kafka.producer — Stats (last 10s) — published: 0 rows | dropped: 0 | batches: 0 | delivery_errors: 0
2026-09-17 19:24:00 [INFO] kafka.producer — Stats (last 10s) — published: 0 rows | dropped: 0 | batches: 0 | delivery_errors: 0
2026-09-17 19:24:00 [INFO] watcher — Heartbeat — staging queue: 0 rows | watcher alive
2026-09-17 19:24:10 [INFO] kafka.producer — Stats (last 10s) — published: 0 rows | dropped: 0 | batches: 0 | delivery_errors: 0
2026-09-17 19:24:20 [INFO] kafka.producer — Stats (last 10s) — published: 0 rows | dropped: 0 | batches: 0 | delivery_errors: 0
2026-09-17 19:24:30 [INFO] kafka.producer — Stats (last 10s) — published: 0 rows | dropped: 0 | batches: 0 | delivery_errors: 0
2026-09-17 19:24:40 [INFO] kafka.producer — Stats (last 10s) — published: 0 rows | dropped: 0 | batches: 0 | delivery_errors: 0
2026-09-17 19:24:50 [INFO] kafka.producer — Stats (last 10s) — published: 0 rows | dropped: 0 | batches: 0 | delivery_errors: 0
2026-09-17 19:25:00 [INFO] kafka.producer — Stats (last 10s) — published: 0 rows | dropped: 0 | batches: 0 | delivery_errors: 0
2026-09-17 19:25:00 [INFO] watcher — Heartbeat — staging queue: 0 rows | watcher alive
2026-09-17 19:25:10 [INFO] kafka.producer — Stats (last 10s) — published: 0 rows | dropped: 0 | batches: 0 | delivery_errors: 0
2026-09-17 19:25:20 [INFO] kafka.producer — Stats (last 10s) — published: 0 rows | dropped: 0 | batches: 0 | delivery_errors: 0
2026-09-17 19:25:30 [INFO] kafka.producer — Stats (last 10s) — published: 0 rows | dropped: 0 | batches: 0 | delivery_errors: 0
2026-09-17 19:25:40 [INFO] kafka.producer — Stats (last 10s) — published: 0 rows | dropped: 0 | batches: 0 | delivery_errors: 0
2026-09-17 19:25:50 [INFO] kafka.producer — Stats (last 10s) — published: 0 rows | dropped: 0 | batches: 0 | delivery_errors: 0
2026-09-17 19:26:00 [INFO] kafka.producer — Stats (last 10s) — published: 0 rows | dropped: 0 | batches: 0 | delivery_errors: 0
2026-09-17 19:26:00 [INFO] watcher — Heartbeat — staging queue: 0 rows | watcher alive
2026-09-17 19:26:10 [INFO] kafka.producer — Stats (last 10s) — published: 0 rows | dropped: 0 | batches: 0 | delivery_errors: 0
2026-09-17 19:26:20 [INFO] kafka.producer — Stats (last 10s) — published: 0 rows | dropped: 0 | batches: 0 | delivery_errors: 0
2026-09-17 19:26:30 [INFO] kafka.producer — Stats (last 10s) — published: 0 rows | dropped: 0 | batches: 0 | delivery_errors: 0
2026-09-17 19:26:40 [INFO] kafka.producer — Stats (last 10s) — published: 0 rows | dropped: 0 | batches: 0 | delivery_errors: 0
2026-09-17 19:26:50 [INFO] kafka.producer — Stats (last 10s) — published: 0 rows | dropped: 0 | batches: 0 | delivery_errors: 0
2026-09-17 19:27:00 [INFO] kafka.producer — Stats (last 10s) — published: 0 rows | dropped: 0 | batches: 0 | delivery_errors: 0
2026-09-17 19:27:00 [INFO] watcher — Heartbeat — staging queue: 0 rows | watcher alive
2026-09-17 19:27:10 [INFO] kafka.producer — Stats (last 10s) — published: 0 rows | dropped: 0 | batches: 0 | delivery_errors: 0
2026-09-17 19:27:20 [INFO] kafka.producer — Stats (last 10s) — published: 0 rows | dropped: 0 | batches: 0 | delivery_errors: 0
2026-09-17 19:27:30 [INFO] kafka.producer — Stats (last 10s) — published: 0 rows | dropped: 0 | batches: 0 | delivery_errors: 0
2026-09-17 19:27:40 [INFO] kafka.producer — Stats (last 10s) — published: 0 rows | dropped: 0 | batches: 0 | delivery_errors: 0
2026-09-17 19:27:50 [INFO] kafka.producer — Stats (last 10s) — published: 0 rows | dropped: 0 | batches: 0 | delivery_errors: 0
2026-09-17 19:28:00 [INFO] kafka.producer — Stats (last 10s) — published: 0 rows | dropped: 0 | batches: 0 | delivery_errors: 0
2026-09-17 19:28:00 [INFO] watcher — Heartbeat — staging queue: 0 rows | watcher alive
2026-09-17 19:28:10 [INFO] kafka.producer — Stats (last 10s) — published: 0 rows | dropped: 0 | batches: 0 | delivery_errors: 0
2026-09-17 19:28:20 [INFO] kafka.producer — Stats (last 10s) — published: 0 rows | dropped: 0 | batches: 0 | delivery_errors: 0
2026-09-17 19:28:30 [INFO] kafka.producer — Stats (last 10s) — published: 0 rows | dropped: 0 | batches: 0 | delivery_errors: 0
2026-09-17 19:28:40 [INFO] kafka.producer — Stats (last 10s) — published: 0 rows | dropped: 0 | batches: 0 | delivery_errors: 0
2026-09-17 19:28:50 [INFO] kafka.producer — Stats (last 10s) — published: 0 rows | dropped: 0 | batches: 0 | delivery_errors: 0
2026-09-17 19:29:00 [INFO] kafka.producer — Stats (last 10s) — published: 0 rows | dropped: 0 | batches: 0 | delivery_errors: 0
2026-09-17 19:29:00 [INFO] watcher — Heartbeat — staging queue: 0 rows | watcher alive
2026-09-17 19:29:10 [INFO] kafka.producer — Stats (last 10s) — published: 0 rows | dropped: 0 | batches: 0 | delivery_errors: 0
2026-09-17 19:29:20 [INFO] kafka.producer — Stats (last 10s) — published: 0 rows | dropped: 0 | batches: 0 | delivery_errors: 0
2026-09-17 19:29:30 [INFO] kafka.producer — Stats (last 10s) — published: 0 rows | dropped: 0 | batches: 0 | delivery_errors: 0
2026-09-17 19:29:40 [INFO] kafka.producer — Stats (last 10s) — published: 0 rows | dropped: 0 | batches: 0 | delivery_errors: 0
2026-09-17 19:29:50 [INFO] kafka.producer — Stats (last 10s) — published: 0 rows | dropped: 0 | batches: 0 | delivery_errors: 0
2026-09-17 19:30:00 [INFO] kafka.producer — Stats (last 10s) — published: 0 rows | dropped: 0 | batches: 0 | delivery_errors: 0
2026-09-17 19:30:00 [INFO] watcher — Heartbeat — staging queue: 0 rows | watcher alive
2026-09-17 19:30:10 [INFO] kafka.producer — Stats (last 10s) — published: 0 rows | dropped: 0 | batches: 0 | delivery_errors: 0
2026-09-17 19:30:20 [INFO] kafka.producer — Stats (last 10s) — published: 0 rows | dropped: 0 | batches: 0 | delivery_errors: 0
2026-09-17 19:30:30 [INFO] kafka.producer — Stats (last 10s) — published: 0 rows | dropped: 0 | batches: 0 | delivery_errors: 0
2026-09-17 19:30:40 [INFO] kafka.producer — Stats (last 10s) — published: 0 rows | dropped: 0 | batches: 0 | delivery_errors: 0
2026-09-17 19:30:50 [INFO] kafka.producer — Stats (last 10s) — published: 0 rows | dropped: 0 | batches: 0 | delivery_errors: 0
2026-09-17 19:31:00 [INFO] kafka.producer — Stats (last 10s) — published: 0 rows | dropped: 0 | batches: 0 | delivery_errors: 0
2026-09-17 19:31:00 [INFO] watcher — Heartbeat — staging queue: 0 rows | watcher alive
2026-09-17 19:31:10 [INFO] kafka.producer — Stats (last 10s) — published: 0 rows | dropped: 0 | batches: 0 | delivery_errors: 0
2026-09-17 19:31:20 [INFO] kafka.producer — Stats (last 10s) — published: 0 rows | dropped: 0 | batches: 0 | delivery_errors: 0
2026-09-17 19:31:30 [INFO] kafka.producer — Stats (last 10s) — published: 0 rows | dropped: 0 | batches: 0 | delivery_errors: 0
2026-09-17 19:31:40 [INFO] kafka.producer — Stats (last 10s) — published: 0 rows | dropped: 0 | batches: 0 | delivery_errors: 0
2026-09-17 19:31:50 [INFO] kafka.producer — Stats (last 10s) — published: 0 rows | dropped: 0 | batches: 0 | delivery_errors: 0
2026-09-17 19:32:00 [INFO] kafka.producer — Stats (last 10s) — published: 0 rows | dropped: 0 | batches: 0 | delivery_errors: 0
2026-09-17 19:32:00 [INFO] watcher — Heartbeat — staging queue: 0 rows | watcher alive
2026-09-17 19:32:10 [INFO] kafka.producer — Stats (last 10s) — published: 0 rows | dropped: 0 | batches: 0 | delivery_errors: 0
2026-09-17 19:32:20 [INFO] kafka.producer — Stats (last 10s) — published: 0 rows | dropped: 0 | batches: 0 | delivery_errors: 0
2026-09-17 19:32:30 [INFO] kafka.producer — Stats (last 10s) — published: 0 rows | dropped: 0 | batches: 0 | delivery_errors: 0
2026-09-17 19:32:40 [INFO] kafka.producer — Stats (last 10s) — published: 0 rows | dropped: 0 | batches: 0 | delivery_errors: 0
2026-09-17 19:32:50 [INFO] kafka.producer — Stats (last 10s) — published: 0 rows | dropped: 0 | batches: 0 | delivery_errors: 0
2026-09-17 19:33:00 [INFO] kafka.producer — Stats (last 10s) — published: 0 rows | dropped: 0 | batches: 0 | delivery_errors: 0
2026-09-17 19:33:00 [INFO] watcher — Heartbeat — staging queue: 0 rows | watcher alive
2026-09-17 19:33:10 [INFO] kafka.producer — Stats (last 10s) — published: 0 rows | dropped: 0 | batches: 0 | delivery_errors: 0
2026-09-17 19:33:20 [INFO] kafka.producer — Stats (last 10s) — published: 0 rows | dropped: 0 | batches: 0 | delivery_errors: 0
2026-09-17 19:33:30 [INFO] kafka.producer — Stats (last 10s) — published: 0 rows | dropped: 0 | batches: 0 | delivery_errors: 0
2026-09-17 19:33:40 [INFO] kafka.producer — Stats (last 10s) — published: 0 rows | dropped: 0 | batches: 0 | delivery_errors: 0
2026-09-17 19:33:50 [INFO] kafka.producer — Stats (last 10s) — published: 0 rows | dropped: 0 | batches: 0 | delivery_errors: 0
2026-09-17 19:34:00 [INFO] kafka.producer — Stats (last 10s) — published: 0 rows | dropped: 0 | batches: 0 | delivery_errors: 0
2026-09-17 19:34:00 [INFO] watcher — Heartbeat — staging queue: 0 rows | watcher alive
2026-09-17 19:34:10 [INFO] kafka.producer — Stats (last 10s) — published: 0 rows | dropped: 0 | batches: 0 | delivery_errors: 0
2026-09-17 19:34:20 [INFO] kafka.producer — Stats (last 10s) — published: 0 rows | dropped: 0 | batches: 0 | delivery_errors: 0
2026-09-17 19:34:30 [INFO] kafka.producer — Stats (last 10s) — published: 0 rows | dropped: 0 | batches: 0 | delivery_errors: 0
2026-09-17 19:34:40 [INFO] kafka.producer — Stats (last 10s) — published: 0 rows | dropped: 0 | batches: 0 | delivery_errors: 0
2026-09-17 19:34:50 [INFO] kafka.producer — Stats (last 10s) — published: 0 rows | dropped: 0 | batches: 0 | delivery_errors: 0
2026-09-17 19:35:00 [INFO] kafka.producer — Stats (last 10s) — published: 0 rows | dropped: 0 | batches: 0 | delivery_errors: 0
2026-09-17 19:35:00 [INFO] watcher — Heartbeat — staging queue: 0 rows | watcher alive
2026-09-17 19:35:10 [INFO] kafka.producer — Stats (last 10s) — published: 0 rows | dropped: 0 | batches: 0 | delivery_errors: 0
2026-09-17 19:35:20 [INFO] kafka.producer — Stats (last 10s) — published: 0 rows | dropped: 0 | batches: 0 | delivery_errors: 0
2026-09-17 19:35:30 [INFO] kafka.producer — Stats (last 10s) — published: 0 rows | dropped: 0 | batches: 0 | delivery_errors: 0
2026-09-17 19:35:40 [INFO] kafka.producer — Stats (last 10s) — published: 0 rows | dropped: 0 | batches: 0 | delivery_errors: 0
2026-09-17 19:35:50 [INFO] kafka.producer — Stats (last 10s) — published: 0 rows | dropped: 0 | batches: 0 | delivery_errors: 0
2026-09-17 19:36:00 [INFO] kafka.producer — Stats (last 10s) — published: 0 rows | dropped: 0 | batches: 0 | delivery_errors: 0
2026-09-17 19:36:00 [INFO] watcher — Heartbeat — staging queue: 0 rows | watcher alive
2026-09-17 19:36:10 [INFO] kafka.producer — Stats (last 10s) — published: 0 rows | dropped: 0 | batches: 0 | delivery_errors: 0
2026-09-17 19:36:20 [INFO] kafka.producer — Stats (last 10s) — published: 0 rows | dropped: 0 | batches: 0 | delivery_errors: 0
2026-09-17 19:36:30 [INFO] kafka.producer — Stats (last 10s) — published: 0 rows | dropped: 0 | batches: 0 | delivery_errors: 0
2026-09-17 19:36:40 [INFO] kafka.producer — Stats (last 10s) — published: 0 rows | dropped: 0 | batches: 0 | delivery_errors: 0
2026-09-17 19:36:50 [INFO] kafka.producer — Stats (last 10s) — published: 0 rows | dropped: 0 | batches: 0 | delivery_errors: 0
2026-09-17 19:37:00 [INFO] kafka.producer — Stats (last 10s) — published: 0 rows | dropped: 0 | batches: 0 | delivery_errors: 0
2026-09-17 19:37:00 [INFO] watcher — Heartbeat — staging queue: 0 rows | watcher alive
2026-09-17 19:37:10 [INFO] kafka.producer — Stats (last 10s) — published: 0 rows | dropped: 0 | batches: 0 | delivery_errors: 0
2026-09-17 19:37:20 [INFO] kafka.producer — Stats (last 10s) — published: 0 rows | dropped: 0 | batches: 0 | delivery_errors: 0
2026-09-17 19:37:30 [INFO] kafka.producer — Stats (last 10s) — published: 0 rows | dropped: 0 | batches: 0 | delivery_errors: 0
2026-09-17 19:37:40 [INFO] kafka.producer — Stats (last 10s) — published: 0 rows | dropped: 0 | batches: 0 | delivery_errors: 0
2026-09-17 19:37:50 [INFO] kafka.producer — Stats (last 10s) — published: 0 rows | dropped: 0 | batches: 0 | delivery_errors: 0
2026-09-17 19:38:00 [INFO] kafka.producer — Stats (last 10s) — published: 0 rows | dropped: 0 | batches: 0 | delivery_errors: 0
2026-09-17 19:38:00 [INFO] watcher — Heartbeat — staging queue: 0 rows | watcher alive
2026-09-17 19:38:10 [INFO] kafka.producer — Stats (last 10s) — published: 0 rows | dropped: 0 | batches: 0 | delivery_errors: 0
2026-09-17 19:38:20 [INFO] kafka.producer — Stats (last 10s) — published: 0 rows | dropped: 0 | batches: 0 | delivery_errors: 0
2026-09-17 19:38:30 [INFO] kafka.producer — Stats (last 10s) — published: 0 rows | dropped: 0 | batches: 0 | delivery_errors: 0
2026-09-17 19:38:40 [INFO] kafka.producer — Stats (last 10s) — published: 0 rows | dropped: 0 | batches: 0 | delivery_errors: 0
2026-09-17 19:38:50 [INFO] kafka.producer — Stats (last 10s) — published: 0 rows | dropped: 0 | batches: 0 | delivery_errors: 0
2026-09-17 19:39:00 [INFO] kafka.producer — Stats (last 10s) — published: 0 rows | dropped: 0 | batches: 0 | delivery_errors: 0
2026-09-17 19:39:00 [INFO] watcher — Heartbeat — staging queue: 0 rows | watcher alive
2026-09-17 19:39:10 [INFO] kafka.producer — Stats (last 10s) — published: 0 rows | dropped: 0 | batches: 0 | delivery_errors: 0
2026-09-17 19:39:20 [INFO] kafka.producer — Stats (last 10s) — published: 0 rows | dropped: 0 | batches: 0 | delivery_errors: 0
2026-09-17 19:39:30 [INFO] kafka.producer — Stats (last 10s) — published: 0 rows | dropped: 0 | batches: 0 | delivery_errors: 0
2026-09-17 19:39:40 [INFO] kafka.producer — Stats (last 10s) — published: 0 rows | dropped: 0 | batches: 0 | delivery_errors: 0
2026-09-17 19:39:50 [INFO] kafka.producer — Stats (last 10s) — published: 0 rows | dropped: 0 | batches: 0 | delivery_errors: 0
2026-09-17 19:40:00 [INFO] kafka.producer — Stats (last 10s) — published: 0 rows | dropped: 0 | batches: 0 | delivery_errors: 0
2026-09-17 19:40:00 [INFO] watcher — Heartbeat — staging queue: 0 rows | watcher alive
2026-09-17 19:40:10 [INFO] kafka.producer — Stats (last 10s) — published: 0 rows | dropped: 0 | batches: 0 | delivery_errors: 0
2026-09-17 19:40:20 [INFO] kafka.producer — Stats (last 10s) — published: 0 rows | dropped: 0 | batches: 0 | delivery_errors: 0
2026-09-17 19:40:30 [INFO] kafka.producer — Stats (last 10s) — published: 0 rows | dropped: 0 | batches: 0 | delivery_errors: 0
2026-09-17 19:40:40 [INFO] kafka.producer — Stats (last 10s) — published: 0 rows | dropped: 0 | batches: 0 | delivery_errors: 0
2026-09-17 19:40:50 [INFO] kafka.producer — Stats (last 10s) — published: 0 rows | dropped: 0 | batches: 0 | delivery_errors: 0
2026-09-17 19:41:00 [INFO] kafka.producer — Stats (last 10s) — published: 0 rows | dropped: 0 | batches: 0 | delivery_errors: 0
2026-09-17 19:41:00 [INFO] watcher — Heartbeat — staging queue: 0 rows | watcher alive
2026-09-17 19:41:10 [INFO] kafka.producer — Stats (last 10s) — published: 0 rows | dropped: 0 | batches: 0 | delivery_errors: 0
2026-09-17 19:41:20 [INFO] kafka.producer — Stats (last 10s) — published: 0 rows | dropped: 0 | batches: 0 | delivery_errors: 0
2026-09-17 19:41:30 [INFO] kafka.producer — Stats (last 10s) — published: 0 rows | dropped: 0 | batches: 0 | delivery_errors: 0
2026-09-17 19:41:40 [INFO] kafka.producer — Stats (last 10s) — published: 0 rows | dropped: 0 | batches: 0 | delivery_errors: 0
2026-09-17 19:41:50 [INFO] kafka.producer — Stats (last 10s) — published: 0 rows | dropped: 0 | batches: 0 | delivery_errors: 0
2026-09-17 19:42:00 [INFO] kafka.producer — Stats (last 10s) — published: 0 rows | dropped: 0 | batches: 0 | delivery_errors: 0
2026-09-17 19:42:00 [INFO] watcher — Heartbeat — staging queue: 0 rows | watcher alive
2026-09-17 19:42:10 [INFO] kafka.producer — Stats (last 10s) — published: 0 rows | dropped: 0 | batches: 0 | delivery_errors: 0
2026-09-17 19:42:20 [INFO] kafka.producer — Stats (last 10s) — published: 0 rows | dropped: 0 | batches: 0 | delivery_errors: 0
2026-09-17 19:42:30 [INFO] kafka.producer — Stats (last 10s) — published: 0 rows | dropped: 0 | batches: 0 | delivery_errors: 0
2026-09-17 19:42:40 [INFO] kafka.producer — Stats (last 10s) — published: 0 rows | dropped: 0 | batches: 0 | delivery_errors: 0
2026-09-17 19:42:50 [INFO] kafka.producer — Stats (last 10s) — published: 0 rows | dropped: 0 | batches: 0 | delivery_errors: 0
2026-09-17 19:43:00 [INFO] kafka.producer — Stats (last 10s) — published: 0 rows | dropped: 0 | batches: 0 | delivery_errors: 0
2026-09-17 19:43:00 [INFO] watcher — Heartbeat — staging queue: 0 rows | watcher alive
2026-09-17 19:43:10 [INFO] kafka.producer — Stats (last 10s) — published: 0 rows | dropped: 0 | batches: 0 | delivery_errors: 0
2026-09-17 19:43:20 [INFO] kafka.producer — Stats (last 10s) — published: 0 rows | dropped: 0 | batches: 0 | delivery_errors: 0
2026-09-17 19:43:30 [INFO] kafka.producer — Stats (last 10s) — published: 0 rows | dropped: 0 | batches: 0 | delivery_errors: 0
2026-09-17 19:43:40 [INFO] kafka.producer — Stats (last 10s) — published: 0 rows | dropped: 0 | batches: 0 | delivery_errors: 0
2026-09-17 19:43:50 [INFO] kafka.producer — Stats (last 10s) — published: 0 rows | dropped: 0 | batches: 0 | delivery_errors: 0
2026-09-17 19:44:00 [INFO] kafka.producer — Stats (last 10s) — published: 0 rows | dropped: 0 | batches: 0 | delivery_errors: 0
2026-09-17 19:44:00 [INFO] watcher — Heartbeat — staging queue: 0 rows | watcher alive
2026-09-17 19:44:10 [INFO] kafka.producer — Stats (last 10s) — published: 0 rows | dropped: 0 | batches: 0 | delivery_errors: 0
2026-09-17 19:44:20 [INFO] kafka.producer — Stats (last 10s) — published: 0 rows | dropped: 0 | batches: 0 | delivery_errors: 0
2026-09-17 19:44:30 [INFO] kafka.producer — Stats (last 10s) — published: 0 rows | dropped: 0 | batches: 0 | delivery_errors: 0
2026-09-17 19:44:40 [INFO] kafka.producer — Stats (last 10s) — published: 0 rows | dropped: 0 | batches: 0 | delivery_errors: 0
2026-09-17 19:44:50 [INFO] kafka.producer — Stats (last 10s) — published: 0 rows | dropped: 0 | batches: 0 | delivery_errors: 0
2026-09-17 19:45:00 [INFO] kafka.producer — Stats (last 10s) — published: 0 rows | dropped: 0 | batches: 0 | delivery_errors: 0
2026-09-17 19:45:00 [INFO] watcher — Heartbeat — staging queue: 0 rows | watcher alive
2026-09-17 19:45:10 [INFO] kafka.producer — Stats (last 10s) — published: 0 rows | dropped: 0 | batches: 0 | delivery_errors: 0
2026-09-17 19:45:20 [INFO] kafka.producer — Stats (last 10s) — published: 0 rows | dropped: 0 | batches: 0 | delivery_errors: 0
2026-09-17 19:45:30 [INFO] kafka.producer — Stats (last 10s) — published: 0 rows | dropped: 0 | batches: 0 | delivery_errors: 0
2026-09-17 19:45:40 [INFO] kafka.producer — Stats (last 10s) — published: 0 rows | dropped: 0 | batches: 0 | delivery_errors: 0
2026-09-17 19:45:50 [INFO] kafka.producer — Stats (last 10s) — published: 0 rows | dropped: 0 | batches: 0 | delivery_errors: 0
2026-09-17 19:46:00 [INFO] kafka.producer — Stats (last 10s) — published: 0 rows | dropped: 0 | batches: 0 | delivery_errors: 0
2026-09-17 19:46:00 [INFO] watcher — Heartbeat — staging queue: 0 rows | watcher alive
2026-09-17 19:46:10 [INFO] kafka.producer — Stats (last 10s) — published: 0 rows | dropped: 0 | batches: 0 | delivery_errors: 0
2026-09-17 19:46:20 [INFO] kafka.producer — Stats (last 10s) — published: 0 rows | dropped: 0 | batches: 0 | delivery_errors: 0
2026-09-17 19:46:30 [INFO] kafka.producer — Stats (last 10s) — published: 0 rows | dropped: 0 | batches: 0 | delivery_errors: 0
2026-09-17 19:46:40 [INFO] kafka.producer — Stats (last 10s) — published: 0 rows | dropped: 0 | batches: 0 | delivery_errors: 0
2026-09-17 19:46:50 [INFO] kafka.producer — Stats (last 10s) — published: 0 rows | dropped: 0 | batches: 0 | delivery_errors: 0
2026-09-17 19:47:00 [INFO] kafka.producer — Stats (last 10s) — published: 0 rows | dropped: 0 | batches: 0 | delivery_errors: 0
2026-09-17 19:47:00 [INFO] watcher — Heartbeat — staging queue: 0 rows | watcher alive
2026-09-17 19:47:10 [INFO] kafka.producer — Stats (last 10s) — published: 0 rows | dropped: 0 | batches: 0 | delivery_errors: 0
2026-09-17 19:47:20 [INFO] kafka.producer — Stats (last 10s) — published: 0 rows | dropped: 0 | batches: 0 | delivery_errors: 0
2026-09-17 19:47:30 [INFO] kafka.producer — Stats (last 10s) — published: 0 rows | dropped: 0 | batches: 0 | delivery_errors: 0
2026-09-17 19:47:40 [INFO] kafka.producer — Stats (last 10s) — published: 0 rows | dropped: 0 | batches: 0 | delivery_errors: 0
2026-09-17 19:47:50 [INFO] kafka.producer — Stats (last 10s) — published: 0 rows | dropped: 0 | batches: 0 | delivery_errors: 0
2026-09-17 19:48:00 [INFO] kafka.producer — Stats (last 10s) — published: 0 rows | dropped: 0 | batches: 0 | delivery_errors: 0
2026-09-17 19:48:00 [INFO] watcher — Heartbeat — staging queue: 0 rows | watcher alive
2026-09-17 19:48:10 [INFO] kafka.producer — Stats (last 10s) — published: 0 rows | dropped: 0 | batches: 0 | delivery_errors: 0
2026-09-17 19:48:20 [INFO] kafka.producer — Stats (last 10s) — published: 0 rows | dropped: 0 | batches: 0 | delivery_errors: 0
2026-09-17 19:48:30 [INFO] kafka.producer — Stats (last 10s) — published: 0 rows | dropped: 0 | batches: 0 | delivery_errors: 0
2026-09-17 19:48:40 [INFO] kafka.producer — Stats (last 10s) — published: 0 rows | dropped: 0 | batches: 0 | delivery_errors: 0
2026-09-17 19:48:50 [INFO] kafka.producer — Stats (last 10s) — published: 0 rows | dropped: 0 | batches: 0 | delivery_errors: 0
2026-09-17 19:49:00 [INFO] kafka.producer — Stats (last 10s) — published: 0 rows | dropped: 0 | batches: 0 | delivery_errors: 0
2026-09-17 19:49:00 [INFO] watcher — Heartbeat — staging queue: 0 rows | watcher alive
2026-09-17 19:49:10 [INFO] kafka.producer — Stats (last 10s) — published: 0 rows | dropped: 0 | batches: 0 | delivery_errors: 0
2026-09-17 19:49:20 [INFO] kafka.producer — Stats (last 10s) — published: 0 rows | dropped: 0 | batches: 0 | delivery_errors: 0
2026-09-17 19:49:30 [INFO] kafka.producer — Stats (last 10s) — published: 0 rows | dropped: 0 | batches: 0 | delivery_errors: 0
2026-09-17 19:49:40 [INFO] kafka.producer — Stats (last 10s) — published: 0 rows | dropped: 0 | batches: 0 | delivery_errors: 0
2026-09-17 19:49:50 [INFO] kafka.producer — Stats (last 10s) — published: 0 rows | dropped: 0 | batches: 0 | delivery_errors: 0
2026-09-17 19:50:00 [INFO] kafka.producer — Stats (last 10s) — published: 0 rows | dropped: 0 | batches: 0 | delivery_errors: 0
2026-09-17 19:50:00 [INFO] watcher — Heartbeat — staging queue: 0 rows | watcher alive
2026-09-17 19:50:10 [INFO] kafka.producer — Stats (last 10s) — published: 0 rows | dropped: 0 | batches: 0 | delivery_errors: 0
2026-09-17 19:50:20 [INFO] kafka.producer — Stats (last 10s) — published: 0 rows | dropped: 0 | batches: 0 | delivery_errors: 0
2026-09-17 19:50:30 [INFO] kafka.producer — Stats (last 10s) — published: 0 rows | dropped: 0 | batches: 0 | delivery_errors: 0
2026-09-17 19:50:40 [INFO] kafka.producer — Stats (last 10s) — published: 0 rows | dropped: 0 | batches: 0 | delivery_errors: 0
2026-09-17 19:50:50 [INFO] kafka.producer — Stats (last 10s) — published: 0 rows | dropped: 0 | batches: 0 | delivery_errors: 0
2026-09-17 19:51:00 [INFO] kafka.producer — Stats (last 10s) — published: 0 rows | dropped: 0 | batches: 0 | delivery_errors: 0
2026-09-17 19:51:00 [INFO] watcher — Heartbeat — staging queue: 0 rows | watcher alive
2026-09-17 19:51:10 [INFO] kafka.producer — Stats (last 10s) — published: 0 rows | dropped: 0 | batches: 0 | delivery_errors: 0
2026-09-17 19:51:20 [INFO] kafka.producer — Stats (last 10s) — published: 0 rows | dropped: 0 | batches: 0 | delivery_errors: 0
2026-09-17 19:51:30 [INFO] kafka.producer — Stats (last 10s) — published: 0 rows | dropped: 0 | batches: 0 | delivery_errors: 0
2026-09-17 19:51:40 [INFO] kafka.producer — Stats (last 10s) — published: 0 rows | dropped: 0 | batches: 0 | delivery_errors: 0
2026-09-17 19:51:50 [INFO] kafka.producer — Stats (last 10s) — published: 0 rows | dropped: 0 | batches: 0 | delivery_errors: 0
2026-09-17 19:52:00 [INFO] kafka.producer — Stats (last 10s) — published: 0 rows | dropped: 0 | batches: 0 | delivery_errors: 0
2026-09-17 19:52:00 [INFO] watcher — Heartbeat — staging queue: 0 rows | watcher alive
2026-09-17 19:52:10 [INFO] kafka.producer — Stats (last 10s) — published: 0 rows | dropped: 0 | batches: 0 | delivery_errors: 0
2026-09-17 19:52:20 [INFO] kafka.producer — Stats (last 10s) — published: 0 rows | dropped: 0 | batches: 0 | delivery_errors: 0
2026-09-17 19:52:30 [INFO] kafka.producer — Stats (last 10s) — published: 0 rows | dropped: 0 | batches: 0 | delivery_errors: 0
2026-09-17 19:52:40 [INFO] kafka.producer — Stats (last 10s) — published: 0 rows | dropped: 0 | batches: 0 | delivery_errors: 0
2026-09-17 19:52:50 [INFO] kafka.producer — Stats (last 10s) — published: 0 rows | dropped: 0 | batches: 0 | delivery_errors: 0
2026-09-17 19:53:00 [INFO] kafka.producer — Stats (last 10s) — published: 0 rows | dropped: 0 | batches: 0 | delivery_errors: 0
2026-09-17 19:53:00 [INFO] watcher — Heartbeat — staging queue: 0 rows | watcher alive
2026-09-17 19:53:10 [INFO] kafka.producer — Stats (last 10s) — published: 0 rows | dropped: 0 | batches: 0 | delivery_errors: 0
2026-09-17 19:53:20 [INFO] kafka.producer — Stats (last 10s) — published: 0 rows | dropped: 0 | batches: 0 | delivery_errors: 0
2026-09-17 19:53:30 [INFO] kafka.producer — Stats (last 10s) — published: 0 rows | dropped: 0 | batches: 0 | delivery_errors: 0
2026-09-17 19:53:40 [INFO] kafka.producer — Stats (last 10s) — published: 0 rows | dropped: 0 | batches: 0 | delivery_errors: 0
2026-09-17 19:53:50 [INFO] kafka.producer — Stats (last 10s) — published: 0 rows | dropped: 0 | batches: 0 | delivery_errors: 0
2026-09-17 19:54:00 [INFO] kafka.producer — Stats (last 10s) — published: 0 rows | dropped: 0 | batches: 0 | delivery_errors: 0
2026-09-17 19:54:00 [INFO] watcher — Heartbeat — staging queue: 0 rows | watcher alive
2026-09-17 19:54:05 [INFO] watcher — Shutting down watcher...
2026-09-17 19:54:05 [INFO] watcher — Watcher stopped cleanly.
2026-09-17 23:46:38 [INFO] kafka.producer — ============================================================
2026-09-17 23:46:38 [INFO] kafka.producer — Aegis — Kafka Producer starting
2026-09-17 23:46:38 [INFO] kafka.producer —   Bootstrap : localhost:29092
2026-09-17 23:46:38 [INFO] kafka.producer —   Topic     : raw-features
2026-09-17 23:46:38 [INFO] watcher — ============================================================
2026-09-17 23:46:38 [INFO] kafka.producer —   Batch win : 100ms
2026-09-17 23:46:38 [INFO] watcher — Aegis — Zeek Log Watcher starting
2026-09-17 23:46:38 [INFO] kafka.producer —   Batch max : 500 rows
2026-09-17 23:46:38 [INFO] watcher —   Watch dir : /home/nived/Desktop/Aegis/zeek/logs
2026-09-17 23:46:38 [INFO] kafka.producer — ============================================================
2026-09-17 23:46:38 [INFO] watcher —   Output dir: /home/nived/Desktop/Aegis/data/features
2026-09-17 23:46:38 [INFO] kafka.producer — Producer running — waiting for rows from staging queue...
2026-09-17 23:46:38 [INFO] watcher —   Pipeline  : /home/nived/Desktop/Aegis/features/pipeline.py
2026-09-17 23:46:38 [INFO] watcher —   Settle    : 3.0s
2026-09-17 23:46:38 [INFO] watcher —   Queue max : 10000 rows
2026-09-17 23:46:38 [INFO] watcher — ============================================================
2026-09-17 23:46:38 [INFO] watcher — Settle tracker started (settle window: 3.0s)
2026-09-17 23:46:38 [INFO] watcher — No existing log files found in zeek/logs — waiting for new ones
2026-09-17 23:46:38 [INFO] watcher — Watching /home/nived/Desktop/Aegis/zeek/logs — press Ctrl+C to stop
2026-09-17 23:46:48 [INFO] kafka.producer — Stats (last 10s) — published: 0 rows | dropped: 0 | batches: 0 | delivery_errors: 0
2026-09-17 23:46:58 [INFO] kafka.producer — Stats (last 10s) — published: 0 rows | dropped: 0 | batches: 0 | delivery_errors: 0
2026-09-17 23:47:00 [INFO] watcher — Heartbeat — staging queue: 0 rows | watcher alive
2026-09-17 23:47:08 [INFO] kafka.producer — Stats (last 10s) — published: 0 rows | dropped: 0 | batches: 0 | delivery_errors: 0
2026-09-17 23:47:18 [INFO] kafka.producer — Stats (last 10s) — published: 0 rows | dropped: 0 | batches: 0 | delivery_errors: 0
2026-09-17 23:47:28 [INFO] kafka.producer — Stats (last 10s) — published: 0 rows | dropped: 0 | batches: 0 | delivery_errors: 0
2026-09-17 23:47:38 [INFO] kafka.producer — Stats (last 10s) — published: 0 rows | dropped: 0 | batches: 0 | delivery_errors: 0
2026-09-17 23:47:48 [INFO] kafka.producer — Stats (last 10s) — published: 0 rows | dropped: 0 | batches: 0 | delivery_errors: 0
2026-09-17 23:47:58 [INFO] kafka.producer — Stats (last 10s) — published: 0 rows | dropped: 0 | batches: 0 | delivery_errors: 0
2026-09-17 23:48:00 [INFO] watcher — Heartbeat — staging queue: 0 rows | watcher alive
2026-09-17 23:48:08 [INFO] kafka.producer — Stats (last 10s) — published: 0 rows | dropped: 0 | batches: 0 | delivery_errors: 0
2026-09-17 23:48:18 [INFO] kafka.producer — Stats (last 10s) — published: 0 rows | dropped: 0 | batches: 0 | delivery_errors: 0
2026-09-17 23:48:28 [INFO] kafka.producer — Stats (last 10s) — published: 0 rows | dropped: 0 | batches: 0 | delivery_errors: 0
2026-09-17 23:48:38 [INFO] kafka.producer — Stats (last 10s) — published: 0 rows | dropped: 0 | batches: 0 | delivery_errors: 0
2026-09-17 23:48:48 [INFO] kafka.producer — Stats (last 10s) — published: 0 rows | dropped: 0 | batches: 0 | delivery_errors: 0
2026-09-17 23:48:58 [INFO] kafka.producer — Stats (last 10s) — published: 0 rows | dropped: 0 | batches: 0 | delivery_errors: 0
2026-09-17 23:49:00 [INFO] watcher — Heartbeat — staging queue: 0 rows | watcher alive
2026-09-17 23:49:08 [INFO] kafka.producer — Stats (last 10s) — published: 0 rows | dropped: 0 | batches: 0 | delivery_errors: 0
2026-09-17 23:49:18 [INFO] kafka.producer — Stats (last 10s) — published: 0 rows | dropped: 0 | batches: 0 | delivery_errors: 0
2026-09-17 23:49:28 [INFO] kafka.producer — Stats (last 10s) — published: 0 rows | dropped: 0 | batches: 0 | delivery_errors: 0
2026-09-17 23:49:38 [INFO] kafka.producer — Stats (last 10s) — published: 0 rows | dropped: 0 | batches: 0 | delivery_errors: 0
2026-09-17 23:49:48 [INFO] kafka.producer — Stats (last 10s) — published: 0 rows | dropped: 0 | batches: 0 | delivery_errors: 0
2026-09-17 23:49:58 [INFO] kafka.producer — Stats (last 10s) — published: 0 rows | dropped: 0 | batches: 0 | delivery_errors: 0
2026-09-17 23:50:00 [INFO] watcher — Heartbeat — staging queue: 0 rows | watcher alive
2026-09-17 23:50:08 [INFO] kafka.producer — Stats (last 10s) — published: 0 rows | dropped: 0 | batches: 0 | delivery_errors: 0
2026-09-17 23:50:18 [INFO] kafka.producer — Stats (last 10s) — published: 0 rows | dropped: 0 | batches: 0 | delivery_errors: 0
2026-09-17 23:50:28 [INFO] kafka.producer — Stats (last 10s) — published: 0 rows | dropped: 0 | batches: 0 | delivery_errors: 0
2026-09-17 23:50:38 [INFO] kafka.producer — Stats (last 10s) — published: 0 rows | dropped: 0 | batches: 0 | delivery_errors: 0
2026-09-17 23:50:48 [INFO] kafka.producer — Stats (last 10s) — published: 0 rows | dropped: 0 | batches: 0 | delivery_errors: 0
2026-09-17 23:50:58 [INFO] kafka.producer — Stats (last 10s) — published: 0 rows | dropped: 0 | batches: 0 | delivery_errors: 0
2026-09-17 23:51:00 [INFO] watcher — Heartbeat — staging queue: 0 rows | watcher alive
2026-09-17 23:51:08 [INFO] kafka.producer — Stats (last 10s) — published: 0 rows | dropped: 0 | batches: 0 | delivery_errors: 0
2026-09-17 23:51:18 [INFO] kafka.producer — Stats (last 10s) — published: 0 rows | dropped: 0 | batches: 0 | delivery_errors: 0
2026-09-17 23:51:22 [INFO] watcher — New file detected: zeek/logs/conn.log
2026-09-17 23:51:25 [INFO] watcher — [2026-09-17T18:21:25.672985] TRIGGER pipeline.py — file: conn.log  size: 564.0 B bytes
2026-09-17 23:51:25 [INFO] watcher — Running: /home/nived/Desktop/Aegis/.venv/bin/python3 ./features/pipeline.py --zeek-dir zeek/logs --output-dir data/features --scenario-name live_1789668998
2026-09-17 23:51:26 [INFO] watcher — [2026-09-17T18:21:26.129176] pipeline.py completed in 0.46s — output: data/features/live_1789668998.parquet
2026-09-17 23:51:26 [INFO] watcher — Enqueued 1 rows from live_1789668998.parquet into staging queue (queue size now: 1)
2026-09-17 23:51:28 [INFO] kafka.producer — Stats (last 10s) — published: 1 rows | dropped: 0 | batches: 1 | delivery_errors: 0
2026-09-17 23:51:38 [INFO] kafka.producer — Stats (last 10s) — published: 0 rows | dropped: 0 | batches: 0 | delivery_errors: 0
2026-09-17 23:51:47 [INFO] watcher — New file detected: zeek/logs/offline_test/conn.log
2026-09-17 23:51:47 [INFO] watcher — New file detected: zeek/logs/offline_test/dns.log
2026-09-17 23:51:48 [INFO] kafka.producer — Stats (last 10s) — published: 0 rows | dropped: 0 | batches: 0 | delivery_errors: 0
2026-09-17 23:51:51 [INFO] watcher — [2026-09-17T18:21:51.424125] TRIGGER pipeline.py — file: conn.log  size: 110.2 KB bytes
2026-09-17 23:51:51 [INFO] watcher — Running: /home/nived/Desktop/Aegis/.venv/bin/python3 ./features/pipeline.py --zeek-dir zeek/logs/offline_test --output-dir data/features --scenario-name offline_test
2026-09-17 23:51:52 [INFO] watcher — [2026-09-17T18:21:52.113891] pipeline.py completed in 0.69s — output: data/features/offline_test.parquet
2026-09-17 23:51:52 [INFO] watcher — Enqueued 1025 rows from offline_test.parquet into staging queue (queue size now: 32)
2026-09-17 23:51:52 [INFO] watcher — [2026-09-17T18:21:52.278512] TRIGGER pipeline.py — file: dns.log  size: 602.0 B bytes
2026-09-17 23:51:52 [INFO] watcher — Running: /home/nived/Desktop/Aegis/.venv/bin/python3 ./features/pipeline.py --zeek-dir zeek/logs/offline_test --output-dir data/features --scenario-name offline_test
2026-09-17 23:51:53 [INFO] watcher — [2026-09-17T18:21:53.654466] pipeline.py completed in 1.38s — output: data/features/offline_test.parquet
2026-09-17 23:51:53 [INFO] watcher — Enqueued 0 rows from offline_test.parquet into staging queue (queue size now: 0)
2026-09-17 23:51:58 [INFO] kafka.producer — Stats (last 10s) — published: 1025 rows | dropped: 0 | batches: 3 | delivery_errors: 0
2026-09-17 23:52:00 [INFO] watcher — Heartbeat — staging queue: 0 rows | watcher alive
2026-09-17 23:52:06 [INFO] watcher — [2026-09-17T18:22:06.772678] TRIGGER pipeline.py — file: conn.log  size: 667.0 B bytes
2026-09-17 23:52:06 [INFO] watcher — Running: /home/nived/Desktop/Aegis/.venv/bin/python3 ./features/pipeline.py --zeek-dir zeek/logs --output-dir data/features --scenario-name live_1789668998
2026-09-17 23:52:07 [INFO] watcher — [2026-09-17T18:22:07.551549] pipeline.py completed in 0.78s — output: data/features/live_1789668998.parquet
2026-09-17 23:52:07 [INFO] watcher — Enqueued 1 rows from live_1789668998.parquet into staging queue (queue size now: 1)
2026-09-17 23:52:08 [INFO] kafka.producer — Stats (last 10s) — published: 1 rows | dropped: 0 | batches: 1 | delivery_errors: 0
2026-09-17 23:52:18 [INFO] kafka.producer — Stats (last 10s) — published: 0 rows | dropped: 0 | batches: 0 | delivery_errors: 0
2026-09-17 23:52:28 [INFO] kafka.producer — Stats (last 10s) — published: 0 rows | dropped: 0 | batches: 0 | delivery_errors: 0
2026-09-17 23:52:30 [INFO] watcher — New file detected: zeek/logs/conn.log
2026-09-17 23:52:30 [INFO] watcher — New file detected: zeek/logs/dns.log
2026-09-17 23:52:33 [INFO] watcher — [2026-09-17T18:22:33.576145] TRIGGER pipeline.py — file: conn.log  size: 110.2 KB bytes
2026-09-17 23:52:33 [INFO] watcher — Running: /home/nived/Desktop/Aegis/.venv/bin/python3 ./features/pipeline.py --zeek-dir zeek/logs --output-dir data/features --scenario-name live_1789668998
2026-09-17 23:52:34 [INFO] watcher — [2026-09-17T18:22:34.597040] pipeline.py completed in 1.02s — output: data/features/live_1789668998.parquet
2026-09-17 23:52:34 [INFO] watcher — Enqueued 1025 rows from live_1789668998.parquet into staging queue (queue size now: 410)
2026-09-17 23:52:34 [INFO] watcher — [2026-09-17T18:22:34.719050] TRIGGER pipeline.py — file: dns.log  size: 603.0 B bytes
2026-09-17 23:52:34 [INFO] watcher — Running: /home/nived/Desktop/Aegis/.venv/bin/python3 ./features/pipeline.py --zeek-dir zeek/logs --output-dir data/features --scenario-name live_1789668998
2026-09-17 23:52:35 [INFO] watcher — [2026-09-17T18:22:35.706715] pipeline.py completed in 0.99s — output: data/features/live_1789668998.parquet
2026-09-17 23:52:35 [INFO] watcher — Enqueued 0 rows from live_1789668998.parquet into staging queue (queue size now: 0)
2026-09-17 23:52:38 [INFO] kafka.producer — Stats (last 10s) — published: 1025 rows | dropped: 0 | batches: 3 | delivery_errors: 0
2026-09-17 23:52:48 [INFO] kafka.producer — Stats (last 10s) — published: 0 rows | dropped: 0 | batches: 0 | delivery_errors: 0
2026-09-17 23:52:58 [INFO] kafka.producer — Stats (last 10s) — published: 0 rows | dropped: 0 | batches: 0 | delivery_errors: 0
2026-09-17 23:53:00 [INFO] watcher — Heartbeat — staging queue: 0 rows | watcher alive
2026-09-17 23:53:08 [INFO] kafka.producer — Stats (last 10s) — published: 0 rows | dropped: 0 | batches: 0 | delivery_errors: 0
2026-09-17 23:53:18 [INFO] kafka.producer — Stats (last 10s) — published: 0 rows | dropped: 0 | batches: 0 | delivery_errors: 0
2026-09-17 23:53:28 [INFO] kafka.producer — Stats (last 10s) — published: 0 rows | dropped: 0 | batches: 0 | delivery_errors: 0
2026-09-17 23:53:38 [INFO] kafka.producer — Stats (last 10s) — published: 0 rows | dropped: 0 | batches: 0 | delivery_errors: 0
2026-09-17 23:53:48 [INFO] kafka.producer — Stats (last 10s) — published: 0 rows | dropped: 0 | batches: 0 | delivery_errors: 0
2026-09-17 23:53:58 [INFO] kafka.producer — Stats (last 10s) — published: 0 rows | dropped: 0 | batches: 0 | delivery_errors: 0
2026-09-17 23:54:00 [INFO] watcher — Heartbeat — staging queue: 0 rows | watcher alive
2026-09-17 23:54:08 [INFO] kafka.producer — Stats (last 10s) — published: 0 rows | dropped: 0 | batches: 0 | delivery_errors: 0
2026-09-17 23:54:18 [INFO] kafka.producer — Stats (last 10s) — published: 0 rows | dropped: 0 | batches: 0 | delivery_errors: 0
2026-09-17 23:54:28 [INFO] kafka.producer — Stats (last 10s) — published: 0 rows | dropped: 0 | batches: 0 | delivery_errors: 0
2026-09-17 23:54:38 [INFO] kafka.producer — Stats (last 10s) — published: 0 rows | dropped: 0 | batches: 0 | delivery_errors: 0
2026-09-17 23:54:48 [INFO] kafka.producer — Stats (last 10s) — published: 0 rows | dropped: 0 | batches: 0 | delivery_errors: 0
2026-09-17 23:54:58 [INFO] kafka.producer — Stats (last 10s) — published: 0 rows | dropped: 0 | batches: 0 | delivery_errors: 0
2026-09-17 23:55:00 [INFO] watcher — Heartbeat — staging queue: 0 rows | watcher alive
2026-09-17 23:55:08 [INFO] kafka.producer — Stats (last 10s) — published: 0 rows | dropped: 0 | batches: 0 | delivery_errors: 0
2026-09-17 23:55:18 [INFO] kafka.producer — Stats (last 10s) — published: 0 rows | dropped: 0 | batches: 0 | delivery_errors: 0
2026-09-17 23:55:28 [INFO] kafka.producer — Stats (last 10s) — published: 0 rows | dropped: 0 | batches: 0 | delivery_errors: 0
2026-09-17 23:55:38 [INFO] kafka.producer — Stats (last 10s) — published: 0 rows | dropped: 0 | batches: 0 | delivery_errors: 0
2026-09-17 23:55:48 [INFO] kafka.producer — Stats (last 10s) — published: 0 rows | dropped: 0 | batches: 0 | delivery_errors: 0
2026-09-17 23:55:58 [INFO] kafka.producer — Stats (last 10s) — published: 0 rows | dropped: 0 | batches: 0 | delivery_errors: 0
2026-09-17 23:56:00 [INFO] watcher — Heartbeat — staging queue: 0 rows | watcher alive
2026-09-17 23:56:08 [INFO] kafka.producer — Stats (last 10s) — published: 0 rows | dropped: 0 | batches: 0 | delivery_errors: 0
2026-09-17 23:56:18 [INFO] kafka.producer — Stats (last 10s) — published: 0 rows | dropped: 0 | batches: 0 | delivery_errors: 0
2026-09-17 23:56:28 [INFO] kafka.producer — Stats (last 10s) — published: 0 rows | dropped: 0 | batches: 0 | delivery_errors: 0
2026-09-17 23:56:38 [INFO] kafka.producer — Stats (last 10s) — published: 0 rows | dropped: 0 | batches: 0 | delivery_errors: 0
2026-09-17 23:56:48 [INFO] kafka.producer — Stats (last 10s) — published: 0 rows | dropped: 0 | batches: 0 | delivery_errors: 0
2026-09-17 23:56:58 [INFO] kafka.producer — Stats (last 10s) — published: 0 rows | dropped: 0 | batches: 0 | delivery_errors: 0
2026-09-17 23:57:00 [INFO] watcher — Heartbeat — staging queue: 0 rows | watcher alive
2026-09-17 23:57:08 [INFO] kafka.producer — Stats (last 10s) — published: 0 rows | dropped: 0 | batches: 0 | delivery_errors: 0
2026-09-17 23:57:18 [INFO] kafka.producer — Stats (last 10s) — published: 0 rows | dropped: 0 | batches: 0 | delivery_errors: 0
2026-09-17 23:57:28 [INFO] kafka.producer — Stats (last 10s) — published: 0 rows | dropped: 0 | batches: 0 | delivery_errors: 0
2026-09-17 23:57:38 [INFO] kafka.producer — Stats (last 10s) — published: 0 rows | dropped: 0 | batches: 0 | delivery_errors: 0
2026-09-17 23:57:48 [INFO] kafka.producer — Stats (last 10s) — published: 0 rows | dropped: 0 | batches: 0 | delivery_errors: 0
2026-09-17 23:58:10 [INFO] watcher — ============================================================
2026-09-17 23:58:10 [INFO] watcher — Aegis — Zeek Log Watcher starting
2026-09-17 23:58:10 [INFO] kafka.producer — ============================================================
2026-09-17 23:58:10 [INFO] watcher —   Watch dir : /home/nived/Desktop/Aegis/zeek/logs
2026-09-17 23:58:10 [INFO] kafka.producer — Aegis — Kafka Producer starting
2026-09-17 23:58:10 [INFO] watcher —   Output dir: /home/nived/Desktop/Aegis/data/features
2026-09-17 23:58:10 [INFO] kafka.producer —   Bootstrap : localhost:29092
2026-09-17 23:58:10 [INFO] kafka.producer —   Topic     : raw-features
2026-09-17 23:58:10 [INFO] kafka.producer —   Batch win : 100ms
2026-09-17 23:58:10 [INFO] kafka.producer —   Batch max : 500 rows
2026-09-17 23:58:10 [INFO] kafka.producer — ============================================================
2026-09-17 23:58:10 [INFO] kafka.producer — Producer running — waiting for rows from staging queue...
2026-09-17 23:58:10 [INFO] watcher —   Pipeline  : /home/nived/Desktop/Aegis/features/pipeline.py
2026-09-17 23:58:10 [INFO] watcher —   Settle    : 3.0s
2026-09-17 23:58:10 [INFO] watcher —   Queue max : 10000 rows
2026-09-17 23:58:10 [INFO] watcher — ============================================================
2026-09-17 23:58:10 [INFO] watcher — Settle tracker started (settle window: 3.0s)
2026-09-17 23:58:10 [INFO] watcher — No existing log files found in zeek/logs — waiting for new ones
2026-09-17 23:58:10 [INFO] watcher — Watching /home/nived/Desktop/Aegis/zeek/logs — press Ctrl+C to stop
2026-09-17 23:58:20 [INFO] kafka.producer — Stats (last 10s) — published: 0 rows | dropped: 0 | batches: 0 | delivery_errors: 0
2026-09-17 23:58:30 [INFO] kafka.producer — Stats (last 10s) — published: 0 rows | dropped: 0 | batches: 0 | delivery_errors: 0
2026-09-17 23:58:40 [INFO] kafka.producer — Stats (last 10s) — published: 0 rows | dropped: 0 | batches: 0 | delivery_errors: 0
2026-09-17 23:58:50 [INFO] kafka.producer — Stats (last 10s) — published: 0 rows | dropped: 0 | batches: 0 | delivery_errors: 0
2026-09-17 23:59:00 [INFO] kafka.producer — Stats (last 10s) — published: 0 rows | dropped: 0 | batches: 0 | delivery_errors: 0
2026-09-17 23:59:00 [INFO] watcher — Heartbeat — staging queue: 0 rows | watcher alive
2026-09-17 23:59:10 [INFO] kafka.producer — Stats (last 10s) — published: 0 rows | dropped: 0 | batches: 0 | delivery_errors: 0
2026-09-17 23:59:20 [INFO] kafka.producer — Stats (last 10s) — published: 0 rows | dropped: 0 | batches: 0 | delivery_errors: 0
2026-09-17 23:59:30 [INFO] kafka.producer — Stats (last 10s) — published: 0 rows | dropped: 0 | batches: 0 | delivery_errors: 0
2026-09-17 23:59:40 [INFO] kafka.producer — Stats (last 10s) — published: 0 rows | dropped: 0 | batches: 0 | delivery_errors: 0
2026-09-17 23:59:50 [INFO] kafka.producer — Stats (last 10s) — published: 0 rows | dropped: 0 | batches: 0 | delivery_errors: 0
2026-09-18 00:00:00 [INFO] kafka.producer — Stats (last 10s) — published: 0 rows | dropped: 0 | batches: 0 | delivery_errors: 0
2026-09-18 00:00:00 [INFO] watcher — Heartbeat — staging queue: 0 rows | watcher alive
2026-09-18 00:00:10 [INFO] kafka.producer — Stats (last 10s) — published: 0 rows | dropped: 0 | batches: 0 | delivery_errors: 0
2026-09-18 00:00:20 [INFO] kafka.producer — Stats (last 10s) — published: 0 rows | dropped: 0 | batches: 0 | delivery_errors: 0
2026-09-18 00:00:30 [INFO] kafka.producer — Stats (last 10s) — published: 0 rows | dropped: 0 | batches: 0 | delivery_errors: 0
2026-09-18 00:00:40 [INFO] kafka.producer — Stats (last 10s) — published: 0 rows | dropped: 0 | batches: 0 | delivery_errors: 0
2026-09-18 00:00:50 [INFO] kafka.producer — Stats (last 10s) — published: 0 rows | dropped: 0 | batches: 0 | delivery_errors: 0
2026-09-18 00:01:00 [INFO] kafka.producer — Stats (last 10s) — published: 0 rows | dropped: 0 | batches: 0 | delivery_errors: 0
2026-09-18 00:01:00 [INFO] watcher — Heartbeat — staging queue: 0 rows | watcher alive
2026-09-18 00:01:10 [INFO] kafka.producer — Stats (last 10s) — published: 0 rows | dropped: 0 | batches: 0 | delivery_errors: 0
2026-09-18 00:01:20 [INFO] kafka.producer — Stats (last 10s) — published: 0 rows | dropped: 0 | batches: 0 | delivery_errors: 0
2026-09-18 00:01:30 [INFO] kafka.producer — Stats (last 10s) — published: 0 rows | dropped: 0 | batches: 0 | delivery_errors: 0
2026-09-18 00:01:40 [INFO] kafka.producer — Stats (last 10s) — published: 0 rows | dropped: 0 | batches: 0 | delivery_errors: 0
2026-09-18 00:01:50 [INFO] kafka.producer — Stats (last 10s) — published: 0 rows | dropped: 0 | batches: 0 | delivery_errors: 0
2026-09-18 00:02:00 [INFO] kafka.producer — Stats (last 10s) — published: 0 rows | dropped: 0 | batches: 0 | delivery_errors: 0
2026-09-18 00:02:00 [INFO] watcher — Heartbeat — staging queue: 0 rows | watcher alive
2026-09-18 00:02:10 [INFO] kafka.producer — Stats (last 10s) — published: 0 rows | dropped: 0 | batches: 0 | delivery_errors: 0
2026-09-18 00:02:20 [INFO] kafka.producer — Stats (last 10s) — published: 0 rows | dropped: 0 | batches: 0 | delivery_errors: 0
2026-09-18 00:02:30 [INFO] kafka.producer — Stats (last 10s) — published: 0 rows | dropped: 0 | batches: 0 | delivery_errors: 0
2026-09-18 00:02:40 [INFO] kafka.producer — Stats (last 10s) — published: 0 rows | dropped: 0 | batches: 0 | delivery_errors: 0
2026-09-18 00:02:50 [INFO] kafka.producer — Stats (last 10s) — published: 0 rows | dropped: 0 | batches: 0 | delivery_errors: 0
2026-09-18 00:03:00 [INFO] kafka.producer — Stats (last 10s) — published: 0 rows | dropped: 0 | batches: 0 | delivery_errors: 0
2026-09-18 00:03:00 [INFO] watcher — Heartbeat — staging queue: 0 rows | watcher alive
2026-09-18 00:03:10 [INFO] kafka.producer — Stats (last 10s) — published: 0 rows | dropped: 0 | batches: 0 | delivery_errors: 0
2026-09-18 00:03:20 [INFO] kafka.producer — Stats (last 10s) — published: 0 rows | dropped: 0 | batches: 0 | delivery_errors: 0
2026-09-18 00:03:30 [INFO] kafka.producer — Stats (last 10s) — published: 0 rows | dropped: 0 | batches: 0 | delivery_errors: 0
2026-09-18 00:03:31 [INFO] watcher — New file detected: zeek/logs/conn.log
2026-09-18 00:03:35 [INFO] watcher — [2026-09-17T18:33:35.029312] TRIGGER pipeline.py — file: conn.log  size: 110.9 KB bytes
2026-09-18 00:03:35 [INFO] watcher — Running: /home/nived/Desktop/Aegis/.venv/bin/python3 ./features/pipeline.py --zeek-dir zeek/logs --output-dir data/features --scenario-name live_1789669690
2026-09-18 00:03:35 [INFO] watcher — [2026-09-17T18:33:35.461415] pipeline.py completed in 0.43s — output: data/features/live_1789669690.parquet
2026-09-18 00:03:35 [INFO] watcher — Enqueued 1000 rows from live_1789669690.parquet into staging queue (queue size now: 9)
2026-09-18 00:03:40 [INFO] kafka.producer — Stats (last 10s) — published: 1000 rows | dropped: 0 | batches: 3 | delivery_errors: 0
2026-09-18 00:03:50 [INFO] kafka.producer — Stats (last 10s) — published: 0 rows | dropped: 0 | batches: 0 | delivery_errors: 0
2026-09-18 00:04:00 [INFO] kafka.producer — Stats (last 10s) — published: 0 rows | dropped: 0 | batches: 0 | delivery_errors: 0
2026-09-18 00:04:00 [INFO] watcher — Heartbeat — staging queue: 0 rows | watcher alive
2026-09-18 00:04:10 [INFO] kafka.producer — Stats (last 10s) — published: 0 rows | dropped: 0 | batches: 0 | delivery_errors: 0
2026-09-18 00:04:20 [INFO] kafka.producer — Stats (last 10s) — published: 0 rows | dropped: 0 | batches: 0 | delivery_errors: 0
2026-09-18 00:04:30 [INFO] kafka.producer — Stats (last 10s) — published: 0 rows | dropped: 0 | batches: 0 | delivery_errors: 0
2026-09-18 00:04:40 [INFO] kafka.producer — Stats (last 10s) — published: 0 rows | dropped: 0 | batches: 0 | delivery_errors: 0
2026-09-18 00:04:50 [INFO] kafka.producer — Stats (last 10s) — published: 0 rows | dropped: 0 | batches: 0 | delivery_errors: 0
2026-09-18 00:05:00 [INFO] kafka.producer — Stats (last 10s) — published: 0 rows | dropped: 0 | batches: 0 | delivery_errors: 0
2026-09-18 00:05:00 [INFO] watcher — Heartbeat — staging queue: 0 rows | watcher alive
2026-09-18 00:05:10 [INFO] kafka.producer — Stats (last 10s) — published: 0 rows | dropped: 0 | batches: 0 | delivery_errors: 0
2026-09-18 00:05:20 [INFO] kafka.producer — Stats (last 10s) — published: 0 rows | dropped: 0 | batches: 0 | delivery_errors: 0
2026-09-18 00:05:30 [INFO] kafka.producer — Stats (last 10s) — published: 0 rows | dropped: 0 | batches: 0 | delivery_errors: 0
2026-09-18 00:05:40 [INFO] kafka.producer — Stats (last 10s) — published: 0 rows | dropped: 0 | batches: 0 | delivery_errors: 0
2026-09-18 00:05:50 [INFO] kafka.producer — Stats (last 10s) — published: 0 rows | dropped: 0 | batches: 0 | delivery_errors: 0
2026-09-18 00:06:00 [INFO] kafka.producer — Stats (last 10s) — published: 0 rows | dropped: 0 | batches: 0 | delivery_errors: 0
2026-09-18 00:06:00 [INFO] watcher — Heartbeat — staging queue: 0 rows | watcher alive
2026-09-18 00:06:10 [INFO] kafka.producer — Stats (last 10s) — published: 0 rows | dropped: 0 | batches: 0 | delivery_errors: 0
2026-09-18 00:06:20 [INFO] kafka.producer — Stats (last 10s) — published: 0 rows | dropped: 0 | batches: 0 | delivery_errors: 0
2026-09-18 00:06:30 [INFO] kafka.producer — Stats (last 10s) — published: 0 rows | dropped: 0 | batches: 0 | delivery_errors: 0
2026-09-18 00:06:40 [INFO] kafka.producer — Stats (last 10s) — published: 0 rows | dropped: 0 | batches: 0 | delivery_errors: 0
2026-09-18 00:06:50 [INFO] kafka.producer — Stats (last 10s) — published: 0 rows | dropped: 0 | batches: 0 | delivery_errors: 0
2026-09-18 00:07:00 [INFO] kafka.producer — Stats (last 10s) — published: 0 rows | dropped: 0 | batches: 0 | delivery_errors: 0
2026-09-18 00:07:00 [INFO] watcher — Heartbeat — staging queue: 0 rows | watcher alive
2026-09-18 00:07:10 [INFO] kafka.producer — Stats (last 10s) — published: 0 rows | dropped: 0 | batches: 0 | delivery_errors: 0
2026-09-18 00:07:20 [INFO] kafka.producer — Stats (last 10s) — published: 0 rows | dropped: 0 | batches: 0 | delivery_errors: 0
2026-09-18 00:07:30 [INFO] kafka.producer — Stats (last 10s) — published: 0 rows | dropped: 0 | batches: 0 | delivery_errors: 0
2026-09-18 00:07:40 [INFO] kafka.producer — Stats (last 10s) — published: 0 rows | dropped: 0 | batches: 0 | delivery_errors: 0
2026-09-18 00:07:50 [INFO] kafka.producer — Stats (last 10s) — published: 0 rows | dropped: 0 | batches: 0 | delivery_errors: 0
2026-09-18 00:08:00 [INFO] kafka.producer — Stats (last 10s) — published: 0 rows | dropped: 0 | batches: 0 | delivery_errors: 0
2026-09-18 00:08:00 [INFO] watcher — Heartbeat — staging queue: 0 rows | watcher alive
2026-09-18 00:08:10 [INFO] kafka.producer — Stats (last 10s) — published: 0 rows | dropped: 0 | batches: 0 | delivery_errors: 0
2026-09-18 00:08:20 [INFO] kafka.producer — Stats (last 10s) — published: 0 rows | dropped: 0 | batches: 0 | delivery_errors: 0
2026-09-18 00:08:30 [INFO] kafka.producer — Stats (last 10s) — published: 0 rows | dropped: 0 | batches: 0 | delivery_errors: 0
2026-09-18 00:08:40 [INFO] kafka.producer — Stats (last 10s) — published: 0 rows | dropped: 0 | batches: 0 | delivery_errors: 0
2026-09-18 00:08:50 [INFO] kafka.producer — Stats (last 10s) — published: 0 rows | dropped: 0 | batches: 0 | delivery_errors: 0
2026-09-18 00:09:00 [INFO] kafka.producer — Stats (last 10s) — published: 0 rows | dropped: 0 | batches: 0 | delivery_errors: 0
2026-09-18 00:09:00 [INFO] watcher — Heartbeat — staging queue: 0 rows | watcher alive
2026-09-18 00:09:10 [INFO] kafka.producer — Stats (last 10s) — published: 0 rows | dropped: 0 | batches: 0 | delivery_errors: 0
2026-09-18 00:09:20 [INFO] kafka.producer — Stats (last 10s) — published: 0 rows | dropped: 0 | batches: 0 | delivery_errors: 0
2026-09-18 00:09:30 [INFO] kafka.producer — Stats (last 10s) — published: 0 rows | dropped: 0 | batches: 0 | delivery_errors: 0
2026-09-18 00:09:40 [INFO] kafka.producer — Stats (last 10s) — published: 0 rows | dropped: 0 | batches: 0 | delivery_errors: 0
2026-09-18 00:09:50 [INFO] kafka.producer — Stats (last 10s) — published: 0 rows | dropped: 0 | batches: 0 | delivery_errors: 0
2026-09-18 00:10:00 [INFO] kafka.producer — Stats (last 10s) — published: 0 rows | dropped: 0 | batches: 0 | delivery_errors: 0
2026-09-18 00:10:00 [INFO] watcher — Heartbeat — staging queue: 0 rows | watcher alive
2026-09-18 00:10:10 [INFO] kafka.producer — Stats (last 10s) — published: 0 rows | dropped: 0 | batches: 0 | delivery_errors: 0
2026-09-18 00:10:20 [INFO] kafka.producer — Stats (last 10s) — published: 0 rows | dropped: 0 | batches: 0 | delivery_errors: 0
2026-09-18 00:10:30 [INFO] kafka.producer — Stats (last 10s) — published: 0 rows | dropped: 0 | batches: 0 | delivery_errors: 0
2026-09-18 00:10:40 [INFO] kafka.producer — Stats (last 10s) — published: 0 rows | dropped: 0 | batches: 0 | delivery_errors: 0
2026-09-18 00:10:50 [INFO] kafka.producer — Stats (last 10s) — published: 0 rows | dropped: 0 | batches: 0 | delivery_errors: 0
2026-09-18 00:11:00 [INFO] kafka.producer — Stats (last 10s) — published: 0 rows | dropped: 0 | batches: 0 | delivery_errors: 0
2026-09-18 00:11:00 [INFO] watcher — Heartbeat — staging queue: 0 rows | watcher alive
2026-09-18 00:11:10 [INFO] kafka.producer — Stats (last 10s) — published: 0 rows | dropped: 0 | batches: 0 | delivery_errors: 0
2026-09-18 00:11:20 [INFO] kafka.producer — Stats (last 10s) — published: 0 rows | dropped: 0 | batches: 0 | delivery_errors: 0
2026-09-18 00:11:30 [INFO] kafka.producer — Stats (last 10s) — published: 0 rows | dropped: 0 | batches: 0 | delivery_errors: 0
2026-09-18 00:11:40 [INFO] kafka.producer — Stats (last 10s) — published: 0 rows | dropped: 0 | batches: 0 | delivery_errors: 0
2026-09-18 00:11:50 [INFO] kafka.producer — Stats (last 10s) — published: 0 rows | dropped: 0 | batches: 0 | delivery_errors: 0
2026-09-18 00:12:00 [INFO] kafka.producer — Stats (last 10s) — published: 0 rows | dropped: 0 | batches: 0 | delivery_errors: 0
2026-09-18 00:12:00 [INFO] watcher — Heartbeat — staging queue: 0 rows | watcher alive
2026-09-18 00:12:10 [INFO] kafka.producer — Stats (last 10s) — published: 0 rows | dropped: 0 | batches: 0 | delivery_errors: 0
2026-09-18 00:12:20 [INFO] kafka.producer — Stats (last 10s) — published: 0 rows | dropped: 0 | batches: 0 | delivery_errors: 0
2026-09-18 00:12:30 [INFO] kafka.producer — Stats (last 10s) — published: 0 rows | dropped: 0 | batches: 0 | delivery_errors: 0
2026-09-18 00:12:40 [INFO] kafka.producer — Stats (last 10s) — published: 0 rows | dropped: 0 | batches: 0 | delivery_errors: 0
2026-09-18 00:12:50 [INFO] kafka.producer — Stats (last 10s) — published: 0 rows | dropped: 0 | batches: 0 | delivery_errors: 0
2026-09-18 00:13:00 [INFO] kafka.producer — Stats (last 10s) — published: 0 rows | dropped: 0 | batches: 0 | delivery_errors: 0
2026-09-18 00:13:00 [INFO] watcher — Heartbeat — staging queue: 0 rows | watcher alive
2026-09-18 00:13:10 [INFO] kafka.producer — Stats (last 10s) — published: 0 rows | dropped: 0 | batches: 0 | delivery_errors: 0
2026-09-18 00:13:20 [INFO] kafka.producer — Stats (last 10s) — published: 0 rows | dropped: 0 | batches: 0 | delivery_errors: 0
2026-09-18 00:13:20 [INFO] watcher — [2026-09-17T18:43:20.943433] TRIGGER pipeline.py — file: conn.log  size: 5.1 KB bytes
2026-09-18 00:13:20 [INFO] watcher — Running: /home/nived/Desktop/Aegis/.venv/bin/python3 ./features/pipeline.py --zeek-dir zeek/logs --output-dir data/features --scenario-name live_1789669690
2026-09-18 00:13:21 [INFO] watcher — [2026-09-17T18:43:21.345596] pipeline.py completed in 0.40s — output: data/features/live_1789669690.parquet
2026-09-18 00:13:21 [INFO] watcher — Enqueued 27 rows from live_1789669690.parquet into staging queue (queue size now: 27)
2026-09-18 00:13:30 [INFO] kafka.producer — Stats (last 10s) — published: 27 rows | dropped: 0 | batches: 1 | delivery_errors: 0
2026-09-18 00:13:40 [INFO] kafka.producer — Stats (last 10s) — published: 0 rows | dropped: 0 | batches: 0 | delivery_errors: 0
2026-09-18 00:13:50 [INFO] kafka.producer — Stats (last 10s) — published: 0 rows | dropped: 0 | batches: 0 | delivery_errors: 0
2026-09-18 00:14:00 [INFO] kafka.producer — Stats (last 10s) — published: 0 rows | dropped: 0 | batches: 0 | delivery_errors: 0
2026-09-18 00:14:00 [INFO] watcher — Heartbeat — staging queue: 0 rows | watcher alive
2026-09-18 00:14:10 [INFO] kafka.producer — Stats (last 10s) — published: 0 rows | dropped: 0 | batches: 0 | delivery_errors: 0
2026-09-18 00:14:20 [INFO] kafka.producer — Stats (last 10s) — published: 0 rows | dropped: 0 | batches: 0 | delivery_errors: 0
2026-09-18 00:14:30 [INFO] kafka.producer — Stats (last 10s) — published: 0 rows | dropped: 0 | batches: 0 | delivery_errors: 0
2026-09-18 00:14:40 [INFO] kafka.producer — Stats (last 10s) — published: 0 rows | dropped: 0 | batches: 0 | delivery_errors: 0
2026-09-18 00:14:50 [INFO] kafka.producer — Stats (last 10s) — published: 0 rows | dropped: 0 | batches: 0 | delivery_errors: 0
2026-09-18 00:15:00 [INFO] kafka.producer — Stats (last 10s) — published: 0 rows | dropped: 0 | batches: 0 | delivery_errors: 0
2026-09-18 00:15:00 [INFO] watcher — Heartbeat — staging queue: 0 rows | watcher alive
2026-09-18 00:15:10 [INFO] kafka.producer — Stats (last 10s) — published: 0 rows | dropped: 0 | batches: 0 | delivery_errors: 0
2026-09-18 00:15:20 [INFO] kafka.producer — Stats (last 10s) — published: 0 rows | dropped: 0 | batches: 0 | delivery_errors: 0
2026-09-18 00:15:30 [INFO] watcher — New file detected: zeek/logs/dns.log
2026-09-18 00:15:30 [INFO] kafka.producer — Stats (last 10s) — published: 0 rows | dropped: 0 | batches: 0 | delivery_errors: 0
2026-09-18 00:15:34 [INFO] watcher — [2026-09-17T18:45:34.386443] TRIGGER pipeline.py — file: dns.log  size: 581.0 B bytes
2026-09-18 00:15:34 [INFO] watcher — Running: /home/nived/Desktop/Aegis/.venv/bin/python3 ./features/pipeline.py --zeek-dir zeek/logs --output-dir data/features --scenario-name live_1789669690
2026-09-18 00:15:34 [INFO] watcher — [2026-09-17T18:45:34.752154] pipeline.py completed in 0.36s — output: data/features/live_1789669690.parquet
2026-09-18 00:15:34 [INFO] watcher — Enqueued 0 rows from live_1789669690.parquet into staging queue (queue size now: 0)
2026-09-18 00:15:40 [INFO] kafka.producer — Stats (last 10s) — published: 0 rows | dropped: 0 | batches: 0 | delivery_errors: 0
2026-09-18 00:15:50 [INFO] kafka.producer — Stats (last 10s) — published: 0 rows | dropped: 0 | batches: 0 | delivery_errors: 0
2026-09-18 00:16:00 [INFO] kafka.producer — Stats (last 10s) — published: 0 rows | dropped: 0 | batches: 0 | delivery_errors: 0
2026-09-18 00:16:00 [INFO] watcher — Heartbeat — staging queue: 0 rows | watcher alive
2026-09-18 00:16:10 [INFO] kafka.producer — Stats (last 10s) — published: 0 rows | dropped: 0 | batches: 0 | delivery_errors: 0
2026-09-18 00:16:20 [INFO] kafka.producer — Stats (last 10s) — published: 0 rows | dropped: 0 | batches: 0 | delivery_errors: 0
2026-09-18 00:16:30 [INFO] kafka.producer — Stats (last 10s) — published: 0 rows | dropped: 0 | batches: 0 | delivery_errors: 0
2026-09-18 00:16:40 [INFO] kafka.producer — Stats (last 10s) — published: 0 rows | dropped: 0 | batches: 0 | delivery_errors: 0
2026-09-18 00:16:50 [INFO] kafka.producer — Stats (last 10s) — published: 0 rows | dropped: 0 | batches: 0 | delivery_errors: 0
2026-09-18 00:17:00 [INFO] kafka.producer — Stats (last 10s) — published: 0 rows | dropped: 0 | batches: 0 | delivery_errors: 0
2026-09-18 00:17:00 [INFO] watcher — Heartbeat — staging queue: 0 rows | watcher alive
2026-09-18 00:17:10 [INFO] kafka.producer — Stats (last 10s) — published: 0 rows | dropped: 0 | batches: 0 | delivery_errors: 0
2026-09-18 00:17:20 [INFO] kafka.producer — Stats (last 10s) — published: 0 rows | dropped: 0 | batches: 0 | delivery_errors: 0
2026-09-18 00:17:30 [INFO] kafka.producer — Stats (last 10s) — published: 0 rows | dropped: 0 | batches: 0 | delivery_errors: 0
2026-09-18 00:17:40 [INFO] kafka.producer — Stats (last 10s) — published: 0 rows | dropped: 0 | batches: 0 | delivery_errors: 0
2026-09-18 00:17:50 [INFO] kafka.producer — Stats (last 10s) — published: 0 rows | dropped: 0 | batches: 0 | delivery_errors: 0
2026-09-18 00:18:00 [INFO] kafka.producer — Stats (last 10s) — published: 0 rows | dropped: 0 | batches: 0 | delivery_errors: 0
2026-09-18 00:18:00 [INFO] watcher — Heartbeat — staging queue: 0 rows | watcher alive
2026-09-18 00:18:10 [INFO] kafka.producer — Stats (last 10s) — published: 0 rows | dropped: 0 | batches: 0 | delivery_errors: 0
2026-09-18 00:18:20 [INFO] kafka.producer — Stats (last 10s) — published: 0 rows | dropped: 0 | batches: 0 | delivery_errors: 0
2026-09-18 00:18:30 [INFO] kafka.producer — Stats (last 10s) — published: 0 rows | dropped: 0 | batches: 0 | delivery_errors: 0
2026-09-18 00:18:40 [INFO] kafka.producer — Stats (last 10s) — published: 0 rows | dropped: 0 | batches: 0 | delivery_errors: 0
2026-09-18 00:18:50 [INFO] kafka.producer — Stats (last 10s) — published: 0 rows | dropped: 0 | batches: 0 | delivery_errors: 0
2026-09-18 00:19:00 [INFO] kafka.producer — Stats (last 10s) — published: 0 rows | dropped: 0 | batches: 0 | delivery_errors: 0
2026-09-18 00:19:00 [INFO] watcher — Heartbeat — staging queue: 0 rows | watcher alive
2026-09-18 00:19:10 [INFO] kafka.producer — Stats (last 10s) — published: 0 rows | dropped: 0 | batches: 0 | delivery_errors: 0
2026-09-18 00:19:20 [INFO] kafka.producer — Stats (last 10s) — published: 0 rows | dropped: 0 | batches: 0 | delivery_errors: 0
2026-09-18 00:19:30 [INFO] kafka.producer — Stats (last 10s) — published: 0 rows | dropped: 0 | batches: 0 | delivery_errors: 0
2026-09-18 00:19:40 [INFO] kafka.producer — Stats (last 10s) — published: 0 rows | dropped: 0 | batches: 0 | delivery_errors: 0
2026-09-18 00:19:50 [INFO] kafka.producer — Stats (last 10s) — published: 0 rows | dropped: 0 | batches: 0 | delivery_errors: 0
2026-09-18 00:20:00 [INFO] kafka.producer — Stats (last 10s) — published: 0 rows | dropped: 0 | batches: 0 | delivery_errors: 0
2026-09-18 00:20:00 [INFO] watcher — Heartbeat — staging queue: 0 rows | watcher alive
2026-09-18 00:20:10 [INFO] kafka.producer — Stats (last 10s) — published: 0 rows | dropped: 0 | batches: 0 | delivery_errors: 0
2026-09-18 09:45:14 [INFO] watcher — ============================================================
2026-09-18 09:45:14 [INFO] kafka.producer — ============================================================
2026-09-18 09:45:14 [INFO] watcher — Aegis — Zeek Log Watcher starting
2026-09-18 09:45:14 [INFO] kafka.producer — Aegis — Kafka Producer starting
2026-09-18 09:45:14 [INFO] watcher —   Watch dir : /home/nived/Desktop/Aegis/zeek/logs
2026-09-18 09:45:14 [INFO] kafka.producer —   Bootstrap : localhost:29092
2026-09-18 09:45:14 [INFO] watcher —   Output dir: /home/nived/Desktop/Aegis/data/features
2026-09-18 09:45:14 [INFO] kafka.producer —   Topic     : raw-features
2026-09-18 09:45:14 [INFO] watcher —   Pipeline  : /home/nived/Desktop/Aegis/features/pipeline.py
2026-09-18 09:45:14 [INFO] kafka.producer —   Batch win : 100ms
2026-09-18 09:45:14 [INFO] watcher —   Settle    : 3.0s
2026-09-18 09:45:14 [INFO] kafka.producer —   Batch max : 500 rows
2026-09-18 09:45:14 [INFO] watcher —   Queue max : 10000 rows
2026-09-18 09:45:14 [INFO] kafka.producer — ============================================================
2026-09-18 09:45:14 [INFO] watcher — ============================================================
2026-09-18 09:45:14 [INFO] kafka.producer — Producer running — waiting for rows from staging queue...
2026-09-18 09:45:14 [INFO] watcher — Settle tracker started (settle window: 3.0s)
2026-09-18 09:45:14 [INFO] watcher — No existing log files found in zeek/logs — waiting for new ones
2026-09-18 09:45:14 [INFO] watcher — Watching /home/nived/Desktop/Aegis/zeek/logs — press Ctrl+C to stop
2026-09-18 09:45:24 [INFO] kafka.producer — Stats (last 10s) — published: 0 rows | dropped: 0 | batches: 0 | delivery_errors: 0
2026-09-18 09:45:34 [INFO] kafka.producer — Stats (last 10s) — published: 0 rows | dropped: 0 | batches: 0 | delivery_errors: 0
2026-09-18 09:45:44 [INFO] kafka.producer — Stats (last 10s) — published: 0 rows | dropped: 0 | batches: 0 | delivery_errors: 0
2026-09-18 09:45:54 [INFO] kafka.producer — Stats (last 10s) — published: 0 rows | dropped: 0 | batches: 0 | delivery_errors: 0
2026-09-18 09:46:00 [INFO] watcher — Heartbeat — staging queue: 0 rows | watcher alive
2026-09-18 09:46:00 [INFO] watcher — New file detected: zeek/logs/conn.log
2026-09-18 09:46:00 [INFO] watcher — New file detected: zeek/logs/dns.log
2026-09-18 09:46:04 [INFO] kafka.producer — Stats (last 10s) — published: 0 rows | dropped: 0 | batches: 0 | delivery_errors: 0
2026-09-18 09:46:04 [INFO] watcher — [2026-09-18T04:16:04.299591] TRIGGER pipeline.py — file: conn.log  size: 110.2 KB bytes
2026-09-18 09:46:04 [INFO] watcher — Running: /home/nived/Desktop/Aegis/.venv/bin/python3 ./features/pipeline.py --zeek-dir zeek/logs --output-dir data/features --scenario-name live_1789704914
2026-09-18 09:46:04 [INFO] watcher — [2026-09-18T04:16:04.952842] pipeline.py completed in 0.65s — output: data/features/live_1789704914.parquet
2026-09-18 09:46:05 [INFO] watcher — Enqueued 1025 rows from live_1789704914.parquet into staging queue (queue size now: 63)
2026-09-18 09:46:05 [INFO] watcher — [2026-09-18T04:16:05.281908] TRIGGER pipeline.py — file: dns.log  size: 615.0 B bytes
2026-09-18 09:46:05 [INFO] watcher — Running: /home/nived/Desktop/Aegis/.venv/bin/python3 ./features/pipeline.py --zeek-dir zeek/logs --output-dir data/features --scenario-name live_1789704914
2026-09-18 09:46:06 [INFO] watcher — [2026-09-18T04:16:06.188852] pipeline.py completed in 0.91s — output: data/features/live_1789704914.parquet
2026-09-18 09:46:06 [INFO] watcher — Enqueued 0 rows from live_1789704914.parquet into staging queue (queue size now: 0)
2026-09-18 09:46:14 [INFO] kafka.producer — Stats (last 10s) — published: 1025 rows | dropped: 0 | batches: 3 | delivery_errors: 0
2026-09-18 09:46:24 [INFO] kafka.producer — Stats (last 10s) — published: 0 rows | dropped: 0 | batches: 0 | delivery_errors: 0
2026-09-18 09:46:34 [INFO] kafka.producer — Stats (last 10s) — published: 0 rows | dropped: 0 | batches: 0 | delivery_errors: 0
2026-09-18 09:46:44 [INFO] kafka.producer — Stats (last 10s) — published: 0 rows | dropped: 0 | batches: 0 | delivery_errors: 0
2026-09-18 09:46:54 [INFO] kafka.producer — Stats (last 10s) — published: 0 rows | dropped: 0 | batches: 0 | delivery_errors: 0
2026-09-18 09:47:00 [INFO] watcher — Heartbeat — staging queue: 0 rows | watcher alive
2026-09-18 09:47:04 [INFO] kafka.producer — Stats (last 10s) — published: 0 rows | dropped: 0 | batches: 0 | delivery_errors: 0
2026-09-18 09:47:14 [INFO] kafka.producer — Stats (last 10s) — published: 0 rows | dropped: 0 | batches: 0 | delivery_errors: 0
2026-09-18 09:47:24 [INFO] kafka.producer — Stats (last 10s) — published: 0 rows | dropped: 0 | batches: 0 | delivery_errors: 0
2026-09-18 09:47:34 [INFO] kafka.producer — Stats (last 10s) — published: 0 rows | dropped: 0 | batches: 0 | delivery_errors: 0
2026-09-18 09:47:44 [INFO] kafka.producer — Stats (last 10s) — published: 0 rows | dropped: 0 | batches: 0 | delivery_errors: 0
2026-09-18 09:47:54 [INFO] kafka.producer — Stats (last 10s) — published: 0 rows | dropped: 0 | batches: 0 | delivery_errors: 0
2026-09-18 09:48:00 [INFO] watcher — Heartbeat — staging queue: 0 rows | watcher alive
2026-09-18 09:48:04 [INFO] kafka.producer — Stats (last 10s) — published: 0 rows | dropped: 0 | batches: 0 | delivery_errors: 0
2026-09-18 09:48:14 [INFO] kafka.producer — Stats (last 10s) — published: 0 rows | dropped: 0 | batches: 0 | delivery_errors: 0
2026-09-18 09:48:24 [INFO] kafka.producer — Stats (last 10s) — published: 0 rows | dropped: 0 | batches: 0 | delivery_errors: 0
2026-09-18 09:48:34 [INFO] kafka.producer — Stats (last 10s) — published: 0 rows | dropped: 0 | batches: 0 | delivery_errors: 0
2026-09-18 09:48:44 [INFO] kafka.producer — Stats (last 10s) — published: 0 rows | dropped: 0 | batches: 0 | delivery_errors: 0
2026-09-18 09:48:54 [INFO] kafka.producer — Stats (last 10s) — published: 0 rows | dropped: 0 | batches: 0 | delivery_errors: 0
2026-09-18 09:49:00 [INFO] watcher — Heartbeat — staging queue: 0 rows | watcher alive
2026-09-18 09:49:04 [INFO] kafka.producer — Stats (last 10s) — published: 0 rows | dropped: 0 | batches: 0 | delivery_errors: 0
2026-09-18 09:49:14 [INFO] kafka.producer — Stats (last 10s) — published: 0 rows | dropped: 0 | batches: 0 | delivery_errors: 0
2026-09-18 09:49:24 [INFO] kafka.producer — Stats (last 10s) — published: 0 rows | dropped: 0 | batches: 0 | delivery_errors: 0
2026-09-18 09:49:53 [INFO] kafka.producer — ============================================================
2026-09-18 09:49:53 [INFO] kafka.producer — Aegis — Kafka Producer starting
2026-09-18 09:49:53 [INFO] kafka.producer —   Bootstrap : localhost:29092
2026-09-18 09:49:53 [INFO] kafka.producer —   Topic     : raw-features
2026-09-18 09:49:53 [INFO] kafka.producer —   Batch win : 100ms
2026-09-18 09:49:53 [INFO] kafka.producer —   Batch max : 500 rows
2026-09-18 09:49:53 [INFO] watcher — ============================================================
2026-09-18 09:49:53 [INFO] kafka.producer — ============================================================
2026-09-18 09:49:53 [INFO] watcher — Aegis — Zeek Log Watcher starting
2026-09-18 09:49:53 [INFO] kafka.producer — Producer running — waiting for rows from staging queue...
2026-09-18 09:49:53 [INFO] watcher —   Watch dir : /home/nived/Desktop/Aegis/zeek/logs
2026-09-18 09:49:53 [INFO] watcher —   Output dir: /home/nived/Desktop/Aegis/data/features
2026-09-18 09:49:53 [INFO] watcher —   Pipeline  : /home/nived/Desktop/Aegis/features/pipeline.py
2026-09-18 09:49:53 [INFO] watcher —   Settle    : 3.0s
2026-09-18 09:49:53 [INFO] watcher —   Queue max : 10000 rows
2026-09-18 09:49:53 [INFO] watcher — ============================================================
2026-09-18 09:49:53 [INFO] watcher — Settle tracker started (settle window: 3.0s)
2026-09-18 09:49:53 [INFO] watcher — No existing log files found in zeek/logs — waiting for new ones
2026-09-18 09:49:53 [INFO] watcher — Watching /home/nived/Desktop/Aegis/zeek/logs — press Ctrl+C to stop
2026-09-18 09:50:00 [INFO] watcher — Heartbeat — staging queue: 0 rows | watcher alive
2026-09-18 09:50:03 [INFO] kafka.producer — Stats (last 10s) — published: 0 rows | dropped: 0 | batches: 0 | delivery_errors: 0
2026-09-18 09:50:13 [INFO] kafka.producer — Stats (last 10s) — published: 0 rows | dropped: 0 | batches: 0 | delivery_errors: 0
2026-09-18 09:50:23 [INFO] kafka.producer — Stats (last 10s) — published: 0 rows | dropped: 0 | batches: 0 | delivery_errors: 0
2026-09-18 09:50:33 [INFO] kafka.producer — Stats (last 10s) — published: 0 rows | dropped: 0 | batches: 0 | delivery_errors: 0
2026-09-18 09:50:43 [INFO] kafka.producer — Stats (last 10s) — published: 0 rows | dropped: 0 | batches: 0 | delivery_errors: 0
2026-09-18 09:50:53 [INFO] kafka.producer — Stats (last 10s) — published: 0 rows | dropped: 0 | batches: 0 | delivery_errors: 0
2026-09-18 09:51:00 [INFO] watcher — Heartbeat — staging queue: 0 rows | watcher alive
2026-09-18 09:51:03 [INFO] kafka.producer — Stats (last 10s) — published: 0 rows | dropped: 0 | batches: 0 | delivery_errors: 0
2026-09-18 09:51:13 [INFO] kafka.producer — Stats (last 10s) — published: 0 rows | dropped: 0 | batches: 0 | delivery_errors: 0
2026-09-18 09:51:46 [INFO] kafka.producer — ============================================================
2026-09-18 09:51:46 [INFO] kafka.producer — Aegis — Kafka Producer starting
2026-09-18 09:51:46 [INFO] kafka.producer —   Bootstrap : localhost:29092
2026-09-18 09:51:46 [INFO] watcher — ============================================================
2026-09-18 09:51:46 [INFO] kafka.producer —   Topic     : raw-features
2026-09-18 09:51:46 [INFO] watcher — Aegis — Zeek Log Watcher starting
2026-09-18 09:51:46 [INFO] kafka.producer —   Batch win : 100ms
2026-09-18 09:51:46 [INFO] kafka.producer —   Batch max : 500 rows
2026-09-18 09:51:46 [INFO] kafka.producer — ============================================================
2026-09-18 09:51:46 [INFO] watcher —   Watch dir : /home/nived/Desktop/Aegis/zeek/logs
2026-09-18 09:51:46 [INFO] kafka.producer — Producer running — waiting for rows from staging queue...
2026-09-18 09:51:46 [INFO] watcher —   Output dir: /home/nived/Desktop/Aegis/data/features
2026-09-18 09:51:46 [INFO] watcher —   Pipeline  : /home/nived/Desktop/Aegis/features/pipeline.py
2026-09-18 09:51:46 [INFO] watcher —   Settle    : 3.0s
2026-09-18 09:51:46 [INFO] watcher —   Queue max : 10000 rows
2026-09-18 09:51:46 [INFO] watcher — ============================================================
2026-09-18 09:51:46 [INFO] watcher — Settle tracker started (settle window: 3.0s)
2026-09-18 09:51:46 [INFO] watcher — No existing log files found in zeek/logs — waiting for new ones
2026-09-18 09:51:46 [INFO] watcher — Watching /home/nived/Desktop/Aegis/zeek/logs — press Ctrl+C to stop
2026-09-18 09:51:56 [INFO] kafka.producer — Stats (last 10s) — published: 0 rows | dropped: 0 | batches: 0 | delivery_errors: 0
2026-09-18 09:52:00 [INFO] watcher — Heartbeat — staging queue: 0 rows | watcher alive
2026-09-18 09:52:06 [INFO] kafka.producer — Stats (last 10s) — published: 0 rows | dropped: 0 | batches: 0 | delivery_errors: 0
2026-09-18 09:52:16 [INFO] kafka.producer — Stats (last 10s) — published: 0 rows | dropped: 0 | batches: 0 | delivery_errors: 0
2026-09-18 09:52:26 [INFO] kafka.producer — Stats (last 10s) — published: 0 rows | dropped: 0 | batches: 0 | delivery_errors: 0
2026-09-18 09:52:30 [INFO] watcher — New file detected: zeek/logs/conn.log
2026-09-18 09:52:34 [INFO] watcher — [2026-09-18T04:22:34.001935] TRIGGER pipeline.py — file: conn.log  size: 107.5 KB bytes
2026-09-18 09:52:34 [INFO] watcher — Running: /home/nived/Desktop/Aegis/.venv/bin/python3 ./features/pipeline.py --zeek-dir zeek/logs --output-dir data/features --scenario-name live_1789705306
2026-09-18 09:52:34 [INFO] watcher — [2026-09-18T04:22:34.617933] pipeline.py completed in 0.62s — output: data/features/live_1789705306.parquet
2026-09-18 09:52:34 [INFO] watcher — Enqueued 1000 rows from live_1789705306.parquet into staging queue (queue size now: 129)
2026-09-18 09:52:36 [INFO] kafka.producer — Stats (last 10s) — published: 1000 rows | dropped: 0 | batches: 2 | delivery_errors: 0
2026-09-18 09:52:46 [INFO] kafka.producer — Stats (last 10s) — published: 0 rows | dropped: 0 | batches: 0 | delivery_errors: 0
2026-09-18 09:53:40 [INFO] kafka.producer — ============================================================
2026-09-18 09:53:40 [INFO] kafka.producer — Aegis — Kafka Producer starting
2026-09-18 09:53:40 [INFO] watcher — ============================================================
2026-09-18 09:53:40 [INFO] kafka.producer —   Bootstrap : localhost:29092
2026-09-18 09:53:40 [INFO] watcher — Aegis — Zeek Log Watcher starting
2026-09-18 09:53:40 [INFO] kafka.producer —   Topic     : raw-features
2026-09-18 09:53:40 [INFO] watcher —   Watch dir : /home/nived/Desktop/Aegis/zeek/logs
2026-09-18 09:53:40 [INFO] kafka.producer —   Batch win : 100ms
2026-09-18 09:53:40 [INFO] watcher —   Output dir: /home/nived/Desktop/Aegis/data/features
2026-09-18 09:53:40 [INFO] kafka.producer —   Batch max : 500 rows
2026-09-18 09:53:40 [INFO] watcher —   Pipeline  : /home/nived/Desktop/Aegis/features/pipeline.py
2026-09-18 09:53:40 [INFO] kafka.producer — ============================================================
2026-09-18 09:53:40 [INFO] watcher —   Settle    : 3.0s
2026-09-18 09:53:40 [INFO] kafka.producer — Producer running — waiting for rows from staging queue...
2026-09-18 09:53:40 [INFO] watcher —   Queue max : 10000 rows
2026-09-18 09:53:40 [INFO] watcher — ============================================================
2026-09-18 09:53:40 [INFO] watcher — Settle tracker started (settle window: 3.0s)
2026-09-18 09:53:40 [INFO] watcher — Found 1 existing log file(s) on startup — processing:
2026-09-18 09:53:40 [INFO] watcher —   → zeek/logs/conn.log
2026-09-18 09:53:40 [INFO] watcher — Watching /home/nived/Desktop/Aegis/zeek/logs — press Ctrl+C to stop
2026-09-18 09:53:43 [INFO] watcher — [2026-09-18T04:23:43.581296] TRIGGER pipeline.py — file: conn.log  size: 107.5 KB bytes
2026-09-18 09:53:43 [INFO] watcher — Running: /home/nived/Desktop/Aegis/.venv/bin/python3 ./features/pipeline.py --zeek-dir zeek/logs --output-dir data/features --scenario-name live_1789705420
2026-09-18 09:53:44 [INFO] watcher — [2026-09-18T04:23:44.208186] pipeline.py completed in 0.63s — output: data/features/live_1789705420.parquet
2026-09-18 09:53:44 [INFO] watcher — Enqueued 1000 rows from live_1789705420.parquet into staging queue (queue size now: 134)
2026-09-18 09:53:50 [INFO] kafka.producer — Stats (last 10s) — published: 1000 rows | dropped: 0 | batches: 3 | delivery_errors: 0
2026-09-18 09:54:00 [INFO] kafka.producer — Stats (last 10s) — published: 0 rows | dropped: 0 | batches: 0 | delivery_errors: 0
2026-09-18 09:54:00 [INFO] watcher — Heartbeat — staging queue: 0 rows | watcher alive
2026-09-18 09:54:10 [INFO] kafka.producer — Stats (last 10s) — published: 0 rows | dropped: 0 | batches: 0 | delivery_errors: 0
2026-09-18 09:54:20 [INFO] kafka.producer — Stats (last 10s) — published: 0 rows | dropped: 0 | batches: 0 | delivery_errors: 0
2026-09-18 09:54:30 [INFO] kafka.producer — Stats (last 10s) — published: 0 rows | dropped: 0 | batches: 0 | delivery_errors: 0
2026-09-18 09:54:40 [INFO] kafka.producer — Stats (last 10s) — published: 0 rows | dropped: 0 | batches: 0 | delivery_errors: 0
2026-09-18 09:54:50 [INFO] kafka.producer — Stats (last 10s) — published: 0 rows | dropped: 0 | batches: 0 | delivery_errors: 0
2026-09-18 09:55:00 [INFO] kafka.producer — Stats (last 10s) — published: 0 rows | dropped: 0 | batches: 0 | delivery_errors: 0
2026-09-18 09:55:00 [INFO] watcher — Heartbeat — staging queue: 0 rows | watcher alive
2026-09-18 09:55:10 [INFO] kafka.producer — Stats (last 10s) — published: 0 rows | dropped: 0 | batches: 0 | delivery_errors: 0
2026-09-18 09:55:20 [INFO] kafka.producer — Stats (last 10s) — published: 0 rows | dropped: 0 | batches: 0 | delivery_errors: 0
2026-09-18 09:55:30 [INFO] kafka.producer — Stats (last 10s) — published: 0 rows | dropped: 0 | batches: 0 | delivery_errors: 0
2026-09-18 09:55:40 [INFO] kafka.producer — Stats (last 10s) — published: 0 rows | dropped: 0 | batches: 0 | delivery_errors: 0
2026-09-18 09:55:50 [INFO] kafka.producer — Stats (last 10s) — published: 0 rows | dropped: 0 | batches: 0 | delivery_errors: 0
2026-09-18 09:58:18 [INFO] kafka.producer — ============================================================
2026-09-18 09:58:18 [INFO] kafka.producer — Aegis — Kafka Producer starting
2026-09-18 09:58:18 [INFO] watcher — ============================================================
2026-09-18 09:58:18 [INFO] kafka.producer —   Bootstrap : localhost:29092
2026-09-18 09:58:18 [INFO] watcher — Aegis — Zeek Log Watcher starting
2026-09-18 09:58:18 [INFO] kafka.producer —   Topic     : raw-features
2026-09-18 09:58:18 [INFO] watcher —   Watch dir : /home/nived/Desktop/Aegis/zeek/logs
2026-09-18 09:58:18 [INFO] kafka.producer —   Batch win : 100ms
2026-09-18 09:58:18 [INFO] watcher —   Output dir: /home/nived/Desktop/Aegis/data/features
2026-09-18 09:58:18 [INFO] kafka.producer —   Batch max : 500 rows
2026-09-18 09:58:18 [INFO] watcher —   Pipeline  : /home/nived/Desktop/Aegis/features/pipeline.py
2026-09-18 09:58:18 [INFO] kafka.producer — ============================================================
2026-09-18 09:58:18 [INFO] watcher —   Settle    : 3.0s
2026-09-18 09:58:18 [INFO] kafka.producer — Producer running — waiting for rows from staging queue...
2026-09-18 09:58:18 [INFO] watcher —   Queue max : 10000 rows
2026-09-18 09:58:18 [INFO] watcher — ============================================================
2026-09-18 09:58:18 [INFO] watcher — Settle tracker started (settle window: 3.0s)
2026-09-18 09:58:18 [INFO] watcher — Found 1 existing log file(s) on startup — processing:
2026-09-18 09:58:18 [INFO] watcher —   → zeek/logs/conn.log
2026-09-18 09:58:18 [INFO] watcher — Watching /home/nived/Desktop/Aegis/zeek/logs — press Ctrl+C to stop
2026-09-18 09:58:21 [INFO] watcher — [2026-09-18T04:28:21.608737] TRIGGER pipeline.py — file: conn.log  size: 107.5 KB bytes
2026-09-18 09:58:21 [INFO] watcher — Running: /home/nived/Desktop/Aegis/.venv/bin/python3 ./features/pipeline.py --zeek-dir zeek/logs --output-dir data/features --scenario-name live_1789705698
2026-09-18 09:58:22 [INFO] watcher — [2026-09-18T04:28:22.280206] pipeline.py completed in 0.67s — output: data/features/live_1789705698.parquet
2026-09-18 09:58:22 [INFO] watcher — Enqueued 1000 rows from live_1789705698.parquet into staging queue (queue size now: 20)
2026-09-18 09:58:28 [INFO] kafka.producer — Stats (last 10s) — published: 1000 rows | dropped: 0 | batches: 2 | delivery_errors: 0
2026-09-18 09:58:38 [INFO] kafka.producer — Stats (last 10s) — published: 0 rows | dropped: 0 | batches: 0 | delivery_errors: 0
2026-09-18 09:58:48 [INFO] kafka.producer — Stats (last 10s) — published: 0 rows | dropped: 0 | batches: 0 | delivery_errors: 0
2026-09-18 09:58:58 [INFO] kafka.producer — Stats (last 10s) — published: 0 rows | dropped: 0 | batches: 0 | delivery_errors: 0
2026-09-18 09:59:00 [INFO] watcher — Heartbeat — staging queue: 0 rows | watcher alive
2026-09-18 09:59:08 [INFO] kafka.producer — Stats (last 10s) — published: 0 rows | dropped: 0 | batches: 0 | delivery_errors: 0
2026-09-18 09:59:18 [INFO] kafka.producer — Stats (last 10s) — published: 0 rows | dropped: 0 | batches: 0 | delivery_errors: 0
2026-09-18 09:59:28 [INFO] kafka.producer — Stats (last 10s) — published: 0 rows | dropped: 0 | batches: 0 | delivery_errors: 0
2026-09-18 09:59:38 [INFO] kafka.producer — Stats (last 10s) — published: 0 rows | dropped: 0 | batches: 0 | delivery_errors: 0
2026-09-18 09:59:44 [INFO] watcher — New file detected: zeek/logs/dns.log
2026-09-18 09:59:47 [INFO] watcher — [2026-09-18T04:29:47.133176] TRIGGER pipeline.py — file: dns.log  size: 1.4 KB bytes
2026-09-18 09:59:47 [INFO] watcher — Running: /home/nived/Desktop/Aegis/.venv/bin/python3 ./features/pipeline.py --zeek-dir zeek/logs --output-dir data/features --scenario-name live_1789705698
2026-09-18 09:59:47 [INFO] watcher — [2026-09-18T04:29:47.850790] pipeline.py completed in 0.72s — output: data/features/live_1789705698.parquet
2026-09-18 09:59:48 [INFO] watcher — Enqueued 1028 rows from live_1789705698.parquet into staging queue (queue size now: 444)
2026-09-18 09:59:48 [INFO] watcher — [2026-09-18T04:29:48.064296] TRIGGER pipeline.py — file: conn.log  size: 110.6 KB bytes
2026-09-18 09:59:48 [INFO] watcher — Running: /home/nived/Desktop/Aegis/.venv/bin/python3 ./features/pipeline.py --zeek-dir zeek/logs --output-dir data/features --scenario-name live_1789705698
2026-09-18 09:59:48 [INFO] kafka.producer — Stats (last 10s) — published: 1028 rows | dropped: 0 | batches: 3 | delivery_errors: 0
2026-09-18 09:59:48 [INFO] watcher — [2026-09-18T04:29:48.978428] pipeline.py completed in 0.91s — output: data/features/live_1789705698.parquet
2026-09-18 09:59:49 [INFO] watcher — Enqueued 0 rows from live_1789705698.parquet into staging queue (queue size now: 0)
2026-09-18 09:59:58 [INFO] kafka.producer — Stats (last 10s) — published: 0 rows | dropped: 0 | batches: 0 | delivery_errors: 0
2026-09-18 10:00:00 [INFO] watcher — Heartbeat — staging queue: 0 rows | watcher alive
2026-09-18 10:00:08 [INFO] kafka.producer — Stats (last 10s) — published: 0 rows | dropped: 0 | batches: 0 | delivery_errors: 0
2026-09-18 10:00:18 [INFO] kafka.producer — Stats (last 10s) — published: 0 rows | dropped: 0 | batches: 0 | delivery_errors: 0
2026-09-18 10:00:28 [INFO] kafka.producer — Stats (last 10s) — published: 0 rows | dropped: 0 | batches: 0 | delivery_errors: 0
2026-09-18 10:00:38 [INFO] kafka.producer — Stats (last 10s) — published: 0 rows | dropped: 0 | batches: 0 | delivery_errors: 0
2026-09-18 10:00:48 [INFO] kafka.producer — Stats (last 10s) — published: 0 rows | dropped: 0 | batches: 0 | delivery_errors: 0
2026-09-18 10:00:58 [INFO] kafka.producer — Stats (last 10s) — published: 0 rows | dropped: 0 | batches: 0 | delivery_errors: 0
2026-09-18 10:01:00 [INFO] watcher — Heartbeat — staging queue: 0 rows | watcher alive
2026-09-18 10:01:08 [INFO] kafka.producer — Stats (last 10s) — published: 0 rows | dropped: 0 | batches: 0 | delivery_errors: 0
2026-09-18 10:01:18 [INFO] kafka.producer — Stats (last 10s) — published: 0 rows | dropped: 0 | batches: 0 | delivery_errors: 0
2026-09-18 10:01:28 [INFO] kafka.producer — Stats (last 10s) — published: 0 rows | dropped: 0 | batches: 0 | delivery_errors: 0
2026-09-18 10:01:38 [INFO] kafka.producer — Stats (last 10s) — published: 0 rows | dropped: 0 | batches: 0 | delivery_errors: 0
2026-09-18 10:01:48 [INFO] kafka.producer — Stats (last 10s) — published: 0 rows | dropped: 0 | batches: 0 | delivery_errors: 0
2026-09-18 10:01:58 [INFO] kafka.producer — Stats (last 10s) — published: 0 rows | dropped: 0 | batches: 0 | delivery_errors: 0
2026-09-18 10:02:00 [INFO] watcher — Heartbeat — staging queue: 0 rows | watcher alive
2026-09-18 10:02:08 [INFO] kafka.producer — Stats (last 10s) — published: 0 rows | dropped: 0 | batches: 0 | delivery_errors: 0
2026-09-18 10:02:18 [INFO] kafka.producer — Stats (last 10s) — published: 0 rows | dropped: 0 | batches: 0 | delivery_errors: 0
2026-09-18 10:02:28 [INFO] kafka.producer — Stats (last 10s) — published: 0 rows | dropped: 0 | batches: 0 | delivery_errors: 0
2026-09-18 10:02:38 [INFO] kafka.producer — Stats (last 10s) — published: 0 rows | dropped: 0 | batches: 0 | delivery_errors: 0
2026-09-18 10:02:48 [INFO] kafka.producer — Stats (last 10s) — published: 0 rows | dropped: 0 | batches: 0 | delivery_errors: 0
2026-09-18 10:02:58 [INFO] kafka.producer — Stats (last 10s) — published: 0 rows | dropped: 0 | batches: 0 | delivery_errors: 0
2026-09-18 10:03:00 [INFO] watcher — Heartbeat — staging queue: 0 rows | watcher alive
2026-09-18 10:03:01 [INFO] watcher — [2026-09-18T04:33:01.098739] TRIGGER pipeline.py — file: dns.log  size: 1.4 KB bytes
2026-09-18 10:03:01 [INFO] watcher — Running: /home/nived/Desktop/Aegis/.venv/bin/python3 ./features/pipeline.py --zeek-dir zeek/logs --output-dir data/features --scenario-name live_1789705698
2026-09-18 10:03:01 [INFO] watcher — [2026-09-18T04:33:01.734883] pipeline.py completed in 0.64s — output: data/features/live_1789705698.parquet
2026-09-18 10:03:01 [INFO] watcher — Enqueued 1057 rows from live_1789705698.parquet into staging queue (queue size now: 143)
2026-09-18 10:03:01 [INFO] watcher — [2026-09-18T04:33:01.843269] TRIGGER pipeline.py — file: conn.log  size: 115.4 KB bytes
2026-09-18 10:03:01 [INFO] watcher — Running: /home/nived/Desktop/Aegis/.venv/bin/python3 ./features/pipeline.py --zeek-dir zeek/logs --output-dir data/features --scenario-name live_1789705698
2026-09-18 10:03:02 [INFO] watcher — [2026-09-18T04:33:02.947506] pipeline.py completed in 1.10s — output: data/features/live_1789705698.parquet
2026-09-18 10:03:03 [INFO] watcher — Enqueued 0 rows from live_1789705698.parquet into staging queue (queue size now: 0)
2026-09-18 10:03:08 [INFO] kafka.producer — Stats (last 10s) — published: 1057 rows | dropped: 0 | batches: 3 | delivery_errors: 0
2026-09-18 10:03:18 [INFO] kafka.producer — Stats (last 10s) — published: 0 rows | dropped: 0 | batches: 0 | delivery_errors: 0
2026-09-18 10:03:28 [INFO] kafka.producer — Stats (last 10s) — published: 0 rows | dropped: 0 | batches: 0 | delivery_errors: 0
2026-09-18 10:03:38 [INFO] kafka.producer — Stats (last 10s) — published: 0 rows | dropped: 0 | batches: 0 | delivery_errors: 0
2026-09-18 10:03:48 [INFO] kafka.producer — Stats (last 10s) — published: 0 rows | dropped: 0 | batches: 0 | delivery_errors: 0
2026-09-18 10:03:58 [INFO] kafka.producer — Stats (last 10s) — published: 0 rows | dropped: 0 | batches: 0 | delivery_errors: 0
2026-09-18 10:04:00 [INFO] watcher — Heartbeat — staging queue: 0 rows | watcher alive
2026-09-18 10:04:08 [INFO] kafka.producer — Stats (last 10s) — published: 0 rows | dropped: 0 | batches: 0 | delivery_errors: 0
2026-09-18 10:04:09 [INFO] watcher — [2026-09-18T04:34:09.057658] TRIGGER pipeline.py — file: dns.log  size: 1.4 KB bytes
2026-09-18 10:04:09 [INFO] watcher — Running: /home/nived/Desktop/Aegis/.venv/bin/python3 ./features/pipeline.py --zeek-dir zeek/logs --output-dir data/features --scenario-name live_1789705698
2026-09-18 10:04:10 [INFO] watcher — [2026-09-18T04:34:10.329391] pipeline.py completed in 1.27s — output: data/features/live_1789705698.parquet
2026-09-18 10:04:10 [INFO] watcher — Enqueued 2057 rows from live_1789705698.parquet into staging queue (queue size now: 1057)
2026-09-18 10:04:10 [INFO] watcher — [2026-09-18T04:34:10.515464] TRIGGER pipeline.py — file: conn.log  size: 225.9 KB bytes
2026-09-18 10:04:10 [INFO] watcher — Running: /home/nived/Desktop/Aegis/.venv/bin/python3 ./features/pipeline.py --zeek-dir zeek/logs --output-dir data/features --scenario-name live_1789705698
2026-09-18 10:04:11 [INFO] watcher — [2026-09-18T04:34:11.791729] pipeline.py completed in 1.28s — output: data/features/live_1789705698.parquet
2026-09-18 10:04:11 [INFO] watcher — Enqueued 0 rows from live_1789705698.parquet into staging queue (queue size now: 0)
2026-09-18 10:04:18 [INFO] kafka.producer — Stats (last 10s) — published: 2057 rows | dropped: 0 | batches: 5 | delivery_errors: 0
2026-09-18 10:04:28 [INFO] kafka.producer — Stats (last 10s) — published: 0 rows | dropped: 0 | batches: 0 | delivery_errors: 0
2026-09-18 10:04:38 [INFO] kafka.producer — Stats (last 10s) — published: 0 rows | dropped: 0 | batches: 0 | delivery_errors: 0
2026-09-18 10:04:48 [INFO] kafka.producer — Stats (last 10s) — published: 0 rows | dropped: 0 | batches: 0 | delivery_errors: 0
2026-09-18 10:04:58 [INFO] kafka.producer — Stats (last 10s) — published: 0 rows | dropped: 0 | batches: 0 | delivery_errors: 0
2026-09-18 10:05:00 [INFO] watcher — Heartbeat — staging queue: 0 rows | watcher alive
2026-09-18 10:05:08 [INFO] kafka.producer — Stats (last 10s) — published: 0 rows | dropped: 0 | batches: 0 | delivery_errors: 0
2026-09-18 10:05:18 [INFO] kafka.producer — Stats (last 10s) — published: 0 rows | dropped: 0 | batches: 0 | delivery_errors: 0
2026-09-18 10:05:28 [INFO] kafka.producer — Stats (last 10s) — published: 0 rows | dropped: 0 | batches: 0 | delivery_errors: 0
2026-09-18 10:05:38 [INFO] kafka.producer — Stats (last 10s) — published: 0 rows | dropped: 0 | batches: 0 | delivery_errors: 0
2026-09-18 10:05:48 [INFO] kafka.producer — Stats (last 10s) — published: 0 rows | dropped: 0 | batches: 0 | delivery_errors: 0
2026-09-18 10:05:58 [INFO] kafka.producer — Stats (last 10s) — published: 0 rows | dropped: 0 | batches: 0 | delivery_errors: 0
2026-09-18 10:06:00 [INFO] watcher — Heartbeat — staging queue: 0 rows | watcher alive
2026-09-18 10:06:08 [INFO] kafka.producer — Stats (last 10s) — published: 0 rows | dropped: 0 | batches: 0 | delivery_errors: 0
2026-09-18 10:06:18 [INFO] kafka.producer — Stats (last 10s) — published: 0 rows | dropped: 0 | batches: 0 | delivery_errors: 0
2026-09-18 10:06:28 [INFO] kafka.producer — Stats (last 10s) — published: 0 rows | dropped: 0 | batches: 0 | delivery_errors: 0
2026-09-18 10:06:38 [INFO] kafka.producer — Stats (last 10s) — published: 0 rows | dropped: 0 | batches: 0 | delivery_errors: 0
2026-09-18 10:06:48 [INFO] kafka.producer — Stats (last 10s) — published: 0 rows | dropped: 0 | batches: 0 | delivery_errors: 0
2026-09-18 10:06:58 [INFO] kafka.producer — Stats (last 10s) — published: 0 rows | dropped: 0 | batches: 0 | delivery_errors: 0
2026-09-18 10:07:00 [INFO] watcher — Heartbeat — staging queue: 0 rows | watcher alive
2026-09-18 10:07:08 [INFO] kafka.producer — Stats (last 10s) — published: 0 rows | dropped: 0 | batches: 0 | delivery_errors: 0
2026-09-18 10:07:18 [INFO] kafka.producer — Stats (last 10s) — published: 0 rows | dropped: 0 | batches: 0 | delivery_errors: 0
2026-09-18 10:07:28 [INFO] kafka.producer — Stats (last 10s) — published: 0 rows | dropped: 0 | batches: 0 | delivery_errors: 0
2026-09-18 10:07:38 [INFO] kafka.producer — Stats (last 10s) — published: 0 rows | dropped: 0 | batches: 0 | delivery_errors: 0
2026-09-18 10:07:48 [INFO] kafka.producer — Stats (last 10s) — published: 0 rows | dropped: 0 | batches: 0 | delivery_errors: 0
2026-09-18 10:07:58 [INFO] kafka.producer — Stats (last 10s) — published: 0 rows | dropped: 0 | batches: 0 | delivery_errors: 0
2026-09-18 10:08:00 [INFO] watcher — Heartbeat — staging queue: 0 rows | watcher alive
2026-09-18 10:08:08 [INFO] kafka.producer — Stats (last 10s) — published: 0 rows | dropped: 0 | batches: 0 | delivery_errors: 0
2026-09-18 10:08:18 [INFO] kafka.producer — Stats (last 10s) — published: 0 rows | dropped: 0 | batches: 0 | delivery_errors: 0
2026-09-18 10:08:28 [INFO] kafka.producer — Stats (last 10s) — published: 0 rows | dropped: 0 | batches: 0 | delivery_errors: 0
2026-09-18 10:08:38 [INFO] kafka.producer — Stats (last 10s) — published: 0 rows | dropped: 0 | batches: 0 | delivery_errors: 0
2026-09-18 10:08:48 [INFO] kafka.producer — Stats (last 10s) — published: 0 rows | dropped: 0 | batches: 0 | delivery_errors: 0
2026-09-18 10:08:58 [INFO] kafka.producer — Stats (last 10s) — published: 0 rows | dropped: 0 | batches: 0 | delivery_errors: 0
2026-09-18 10:09:00 [INFO] watcher — Heartbeat — staging queue: 0 rows | watcher alive
2026-09-18 10:09:08 [INFO] kafka.producer — Stats (last 10s) — published: 0 rows | dropped: 0 | batches: 0 | delivery_errors: 0
2026-09-18 10:09:18 [INFO] kafka.producer — Stats (last 10s) — published: 0 rows | dropped: 0 | batches: 0 | delivery_errors: 0
2026-09-18 10:09:28 [INFO] kafka.producer — Stats (last 10s) — published: 0 rows | dropped: 0 | batches: 0 | delivery_errors: 0
2026-09-18 10:09:38 [INFO] kafka.producer — Stats (last 10s) — published: 0 rows | dropped: 0 | batches: 0 | delivery_errors: 0
2026-09-18 10:09:48 [INFO] kafka.producer — Stats (last 10s) — published: 0 rows | dropped: 0 | batches: 0 | delivery_errors: 0
2026-09-18 10:09:58 [INFO] kafka.producer — Stats (last 10s) — published: 0 rows | dropped: 0 | batches: 0 | delivery_errors: 0
2026-09-18 10:10:00 [INFO] watcher — Heartbeat — staging queue: 0 rows | watcher alive
2026-09-18 10:10:08 [INFO] kafka.producer — Stats (last 10s) — published: 0 rows | dropped: 0 | batches: 0 | delivery_errors: 0
2026-09-18 10:10:10 [INFO] watcher — [2026-09-18T04:40:10.651980] TRIGGER pipeline.py — file: dns.log  size: 1.7 KB bytes
2026-09-18 10:10:10 [INFO] watcher — Running: /home/nived/Desktop/Aegis/.venv/bin/python3 ./features/pipeline.py --zeek-dir zeek/logs --output-dir data/features --scenario-name live_1789705698
2026-09-18 10:10:11 [INFO] watcher — [2026-09-18T04:40:11.492252] pipeline.py completed in 0.84s — output: data/features/live_1789705698.parquet
2026-09-18 10:10:11 [INFO] watcher — Enqueued 2067 rows from live_1789705698.parquet into staging queue (queue size now: 157)
2026-09-18 10:10:11 [INFO] watcher — [2026-09-18T04:40:11.788468] TRIGGER pipeline.py — file: conn.log  size: 227.1 KB bytes
2026-09-18 10:10:11 [INFO] watcher — Running: /home/nived/Desktop/Aegis/.venv/bin/python3 ./features/pipeline.py --zeek-dir zeek/logs --output-dir data/features --scenario-name live_1789705698
2026-09-18 10:10:13 [INFO] watcher — [2026-09-18T04:40:13.084364] pipeline.py completed in 1.29s — output: data/features/live_1789705698.parquet
2026-09-18 10:10:13 [INFO] watcher — Enqueued 0 rows from live_1789705698.parquet into staging queue (queue size now: 0)
2026-09-18 10:10:18 [INFO] kafka.producer — Stats (last 10s) — published: 2067 rows | dropped: 0 | batches: 5 | delivery_errors: 0
2026-09-18 10:10:28 [INFO] kafka.producer — Stats (last 10s) — published: 0 rows | dropped: 0 | batches: 0 | delivery_errors: 0
2026-09-18 10:10:38 [INFO] kafka.producer — Stats (last 10s) — published: 0 rows | dropped: 0 | batches: 0 | delivery_errors: 0
2026-09-18 10:10:48 [INFO] kafka.producer — Stats (last 10s) — published: 0 rows | dropped: 0 | batches: 0 | delivery_errors: 0
2026-09-18 10:10:58 [INFO] kafka.producer — Stats (last 10s) — published: 0 rows | dropped: 0 | batches: 0 | delivery_errors: 0
2026-09-18 10:11:00 [INFO] watcher — Heartbeat — staging queue: 0 rows | watcher alive
2026-09-18 10:11:08 [INFO] kafka.producer — Stats (last 10s) — published: 0 rows | dropped: 0 | batches: 0 | delivery_errors: 0
2026-09-18 10:11:18 [INFO] kafka.producer — Stats (last 10s) — published: 0 rows | dropped: 0 | batches: 0 | delivery_errors: 0
2026-09-18 10:11:28 [INFO] kafka.producer — Stats (last 10s) — published: 0 rows | dropped: 0 | batches: 0 | delivery_errors: 0
2026-09-18 10:11:38 [INFO] kafka.producer — Stats (last 10s) — published: 0 rows | dropped: 0 | batches: 0 | delivery_errors: 0
2026-09-18 10:11:48 [INFO] kafka.producer — Stats (last 10s) — published: 0 rows | dropped: 0 | batches: 0 | delivery_errors: 0
2026-09-18 10:11:58 [INFO] kafka.producer — Stats (last 10s) — published: 0 rows | dropped: 0 | batches: 0 | delivery_errors: 0
2026-09-18 10:12:00 [INFO] watcher — Heartbeat — staging queue: 0 rows | watcher alive
2026-09-18 10:12:08 [INFO] kafka.producer — Stats (last 10s) — published: 0 rows | dropped: 0 | batches: 0 | delivery_errors: 0
2026-09-18 10:12:18 [INFO] kafka.producer — Stats (last 10s) — published: 0 rows | dropped: 0 | batches: 0 | delivery_errors: 0
2026-09-18 10:12:28 [INFO] kafka.producer — Stats (last 10s) — published: 0 rows | dropped: 0 | batches: 0 | delivery_errors: 0
2026-09-18 10:12:38 [INFO] kafka.producer — Stats (last 10s) — published: 0 rows | dropped: 0 | batches: 0 | delivery_errors: 0
2026-09-18 10:12:48 [INFO] kafka.producer — Stats (last 10s) — published: 0 rows | dropped: 0 | batches: 0 | delivery_errors: 0
2026-09-18 10:12:58 [INFO] kafka.producer — Stats (last 10s) — published: 0 rows | dropped: 0 | batches: 0 | delivery_errors: 0
2026-09-18 10:13:00 [INFO] watcher — Heartbeat — staging queue: 0 rows | watcher alive
2026-09-18 10:13:08 [INFO] kafka.producer — Stats (last 10s) — published: 0 rows | dropped: 0 | batches: 0 | delivery_errors: 0
2026-09-18 10:13:18 [INFO] kafka.producer — Stats (last 10s) — published: 0 rows | dropped: 0 | batches: 0 | delivery_errors: 0
2026-09-18 10:13:28 [INFO] kafka.producer — Stats (last 10s) — published: 0 rows | dropped: 0 | batches: 0 | delivery_errors: 0
2026-09-18 10:13:38 [INFO] kafka.producer — Stats (last 10s) — published: 0 rows | dropped: 0 | batches: 0 | delivery_errors: 0
2026-09-18 10:13:48 [INFO] kafka.producer — Stats (last 10s) — published: 0 rows | dropped: 0 | batches: 0 | delivery_errors: 0
2026-09-18 10:13:58 [INFO] kafka.producer — Stats (last 10s) — published: 0 rows | dropped: 0 | batches: 0 | delivery_errors: 0
2026-09-18 10:14:00 [INFO] watcher — Heartbeat — staging queue: 0 rows | watcher alive
2026-09-18 10:14:08 [INFO] kafka.producer — Stats (last 10s) — published: 0 rows | dropped: 0 | batches: 0 | delivery_errors: 0
2026-09-18 10:14:18 [INFO] kafka.producer — Stats (last 10s) — published: 0 rows | dropped: 0 | batches: 0 | delivery_errors: 0
2026-09-18 10:14:28 [INFO] kafka.producer — Stats (last 10s) — published: 0 rows | dropped: 0 | batches: 0 | delivery_errors: 0
2026-09-18 10:14:38 [INFO] kafka.producer — Stats (last 10s) — published: 0 rows | dropped: 0 | batches: 0 | delivery_errors: 0
2026-09-18 10:14:48 [INFO] kafka.producer — Stats (last 10s) — published: 0 rows | dropped: 0 | batches: 0 | delivery_errors: 0
2026-09-18 10:14:58 [INFO] kafka.producer — Stats (last 10s) — published: 0 rows | dropped: 0 | batches: 0 | delivery_errors: 0
2026-09-18 10:15:00 [INFO] watcher — Heartbeat — staging queue: 0 rows | watcher alive
2026-09-18 10:15:08 [INFO] kafka.producer — Stats (last 10s) — published: 0 rows | dropped: 0 | batches: 0 | delivery_errors: 0
2026-09-18 10:15:18 [INFO] kafka.producer — Stats (last 10s) — published: 0 rows | dropped: 0 | batches: 0 | delivery_errors: 0
2026-09-18 10:15:28 [INFO] kafka.producer — Stats (last 10s) — published: 0 rows | dropped: 0 | batches: 0 | delivery_errors: 0
2026-09-18 10:15:38 [INFO] kafka.producer — Stats (last 10s) — published: 0 rows | dropped: 0 | batches: 0 | delivery_errors: 0
2026-09-18 10:15:48 [INFO] kafka.producer — Stats (last 10s) — published: 0 rows | dropped: 0 | batches: 0 | delivery_errors: 0
2026-09-18 10:15:58 [INFO] kafka.producer — Stats (last 10s) — published: 0 rows | dropped: 0 | batches: 0 | delivery_errors: 0
2026-09-18 10:16:00 [INFO] watcher — Heartbeat — staging queue: 0 rows | watcher alive
2026-09-18 10:16:08 [INFO] kafka.producer — Stats (last 10s) — published: 0 rows | dropped: 0 | batches: 0 | delivery_errors: 0
2026-09-18 10:16:18 [INFO] kafka.producer — Stats (last 10s) — published: 0 rows | dropped: 0 | batches: 0 | delivery_errors: 0
2026-09-18 10:16:28 [INFO] kafka.producer — Stats (last 10s) — published: 0 rows | dropped: 0 | batches: 0 | delivery_errors: 0
2026-09-18 10:16:38 [INFO] kafka.producer — Stats (last 10s) — published: 0 rows | dropped: 0 | batches: 0 | delivery_errors: 0
2026-09-18 10:16:48 [INFO] kafka.producer — Stats (last 10s) — published: 0 rows | dropped: 0 | batches: 0 | delivery_errors: 0
2026-09-18 10:16:58 [INFO] kafka.producer — Stats (last 10s) — published: 0 rows | dropped: 0 | batches: 0 | delivery_errors: 0
2026-09-18 10:17:00 [INFO] watcher — Heartbeat — staging queue: 0 rows | watcher alive
2026-09-18 10:17:08 [INFO] kafka.producer — Stats (last 10s) — published: 0 rows | dropped: 0 | batches: 0 | delivery_errors: 0
2026-09-18 10:17:18 [INFO] kafka.producer — Stats (last 10s) — published: 0 rows | dropped: 0 | batches: 0 | delivery_errors: 0
2026-09-18 10:17:19 [INFO] watcher — [2026-09-18T04:47:19.031686] TRIGGER pipeline.py — file: conn.log  size: 4.4 KB bytes
2026-09-18 10:17:19 [INFO] watcher — Running: /home/nived/Desktop/Aegis/.venv/bin/python3 ./features/pipeline.py --zeek-dir zeek/logs --output-dir data/features --scenario-name live_1789705698
2026-09-18 10:17:19 [INFO] watcher — [2026-09-18T04:47:19.400381] pipeline.py completed in 0.37s — output: data/features/live_1789705698.parquet
2026-09-18 10:17:19 [INFO] watcher — Enqueued 33 rows from live_1789705698.parquet into staging queue (queue size now: 33)
2026-09-18 10:17:19 [INFO] watcher — [2026-09-18T04:47:19.405332] TRIGGER pipeline.py — file: dns.log  size: 837.0 B bytes
2026-09-18 10:17:19 [INFO] watcher — Running: /home/nived/Desktop/Aegis/.venv/bin/python3 ./features/pipeline.py --zeek-dir zeek/logs --output-dir data/features --scenario-name live_1789705698
2026-09-18 10:17:19 [INFO] watcher — [2026-09-18T04:47:19.851471] pipeline.py completed in 0.45s — output: data/features/live_1789705698.parquet
2026-09-18 10:17:19 [INFO] watcher — Enqueued 0 rows from live_1789705698.parquet into staging queue (queue size now: 0)
2026-09-18 10:17:28 [INFO] kafka.producer — Stats (last 10s) — published: 33 rows | dropped: 0 | batches: 1 | delivery_errors: 0
2026-09-18 10:17:38 [INFO] kafka.producer — Stats (last 10s) — published: 0 rows | dropped: 0 | batches: 0 | delivery_errors: 0
2026-09-18 10:17:48 [INFO] kafka.producer — Stats (last 10s) — published: 0 rows | dropped: 0 | batches: 0 | delivery_errors: 0
2026-09-18 10:17:58 [INFO] kafka.producer — Stats (last 10s) — published: 0 rows | dropped: 0 | batches: 0 | delivery_errors: 0
2026-09-18 10:18:00 [INFO] watcher — Heartbeat — staging queue: 0 rows | watcher alive
2026-09-18 10:18:08 [INFO] kafka.producer — Stats (last 10s) — published: 0 rows | dropped: 0 | batches: 0 | delivery_errors: 0
2026-09-18 10:18:18 [INFO] kafka.producer — Stats (last 10s) — published: 0 rows | dropped: 0 | batches: 0 | delivery_errors: 0
2026-09-18 10:18:28 [INFO] kafka.producer — Stats (last 10s) — published: 0 rows | dropped: 0 | batches: 0 | delivery_errors: 0
2026-09-18 10:18:38 [INFO] kafka.producer — Stats (last 10s) — published: 0 rows | dropped: 0 | batches: 0 | delivery_errors: 0
2026-09-18 10:18:48 [INFO] kafka.producer — Stats (last 10s) — published: 0 rows | dropped: 0 | batches: 0 | delivery_errors: 0
2026-09-18 10:18:58 [INFO] kafka.producer — Stats (last 10s) — published: 0 rows | dropped: 0 | batches: 0 | delivery_errors: 0
2026-09-18 10:19:00 [INFO] watcher — Heartbeat — staging queue: 0 rows | watcher alive
2026-09-18 10:19:08 [INFO] kafka.producer — Stats (last 10s) — published: 0 rows | dropped: 0 | batches: 0 | delivery_errors: 0
2026-09-18 10:19:18 [INFO] kafka.producer — Stats (last 10s) — published: 0 rows | dropped: 0 | batches: 0 | delivery_errors: 0
2026-09-18 10:19:28 [INFO] kafka.producer — Stats (last 10s) — published: 0 rows | dropped: 0 | batches: 0 | delivery_errors: 0
2026-09-18 10:19:38 [INFO] kafka.producer — Stats (last 10s) — published: 0 rows | dropped: 0 | batches: 0 | delivery_errors: 0
2026-09-18 10:19:48 [INFO] kafka.producer — Stats (last 10s) — published: 0 rows | dropped: 0 | batches: 0 | delivery_errors: 0
2026-09-18 10:19:58 [INFO] kafka.producer — Stats (last 10s) — published: 0 rows | dropped: 0 | batches: 0 | delivery_errors: 0
2026-09-18 10:20:00 [INFO] watcher — Heartbeat — staging queue: 0 rows | watcher alive
2026-09-18 10:20:08 [INFO] kafka.producer — Stats (last 10s) — published: 0 rows | dropped: 0 | batches: 0 | delivery_errors: 0
2026-09-18 10:20:18 [INFO] kafka.producer — Stats (last 10s) — published: 0 rows | dropped: 0 | batches: 0 | delivery_errors: 0
2026-09-18 10:50:52 [INFO] watcher — ============================================================
2026-09-18 10:50:52 [INFO] kafka.producer — ============================================================
2026-09-18 10:50:52 [INFO] watcher — Aegis — Zeek Log Watcher starting
2026-09-18 10:50:52 [INFO] kafka.producer — Aegis — Kafka Producer starting
2026-09-18 10:50:52 [INFO] watcher —   Watch dir : /home/nived/Desktop/Aegis/zeek/logs
2026-09-18 10:50:52 [INFO] kafka.producer —   Bootstrap : localhost:29092
2026-09-18 10:50:52 [INFO] watcher —   Output dir: /home/nived/Desktop/Aegis/data/features
2026-09-18 10:50:52 [INFO] kafka.producer —   Topic     : raw-features
2026-09-18 10:50:52 [INFO] kafka.producer —   Batch win : 100ms
2026-09-18 10:50:52 [INFO] watcher —   Pipeline  : /home/nived/Desktop/Aegis/features/pipeline.py
2026-09-18 10:50:52 [INFO] kafka.producer —   Batch max : 500 rows
2026-09-18 10:50:52 [INFO] watcher —   Settle    : 3.0s
2026-09-18 10:50:52 [INFO] kafka.producer — ============================================================
2026-09-18 10:50:52 [INFO] watcher —   Queue max : 10000 rows
2026-09-18 10:50:52 [INFO] watcher — ============================================================
2026-09-18 10:50:52 [INFO] kafka.producer — Producer running — waiting for rows from staging queue...
2026-09-18 10:50:52 [INFO] watcher — Settle tracker started (settle window: 3.0s)
2026-09-18 10:50:52 [INFO] watcher — No existing log files found in zeek/logs — waiting for new ones
2026-09-18 10:50:52 [INFO] watcher — Watching /home/nived/Desktop/Aegis/zeek/logs — press Ctrl+C to stop
2026-09-18 10:51:00 [INFO] watcher — Heartbeat — staging queue: 0 rows | watcher alive
2026-09-18 10:51:02 [INFO] kafka.producer — Stats (last 10s) — published: 0 rows | dropped: 0 | batches: 0 | delivery_errors: 0
2026-09-18 10:51:12 [INFO] kafka.producer — Stats (last 10s) — published: 0 rows | dropped: 0 | batches: 0 | delivery_errors: 0
2026-09-18 10:51:22 [INFO] kafka.producer — Stats (last 10s) — published: 0 rows | dropped: 0 | batches: 0 | delivery_errors: 0
2026-09-18 10:51:32 [INFO] kafka.producer — Stats (last 10s) — published: 0 rows | dropped: 0 | batches: 0 | delivery_errors: 0
2026-09-18 10:51:42 [INFO] kafka.producer — Stats (last 10s) — published: 0 rows | dropped: 0 | batches: 0 | delivery_errors: 0
2026-09-18 10:51:52 [INFO] kafka.producer — Stats (last 10s) — published: 0 rows | dropped: 0 | batches: 0 | delivery_errors: 0
2026-09-18 10:52:00 [INFO] watcher — Heartbeat — staging queue: 0 rows | watcher alive
2026-09-18 10:52:02 [INFO] kafka.producer — Stats (last 10s) — published: 0 rows | dropped: 0 | batches: 0 | delivery_errors: 0
2026-09-18 10:52:12 [INFO] kafka.producer — Stats (last 10s) — published: 0 rows | dropped: 0 | batches: 0 | delivery_errors: 0
2026-09-18 10:52:22 [INFO] kafka.producer — Stats (last 10s) — published: 0 rows | dropped: 0 | batches: 0 | delivery_errors: 0
2026-09-18 10:52:32 [INFO] kafka.producer — Stats (last 10s) — published: 0 rows | dropped: 0 | batches: 0 | delivery_errors: 0
2026-09-18 10:52:42 [INFO] kafka.producer — Stats (last 10s) — published: 0 rows | dropped: 0 | batches: 0 | delivery_errors: 0
2026-09-18 10:52:52 [INFO] kafka.producer — Stats (last 10s) — published: 0 rows | dropped: 0 | batches: 0 | delivery_errors: 0
2026-09-18 10:53:00 [INFO] watcher — Heartbeat — staging queue: 0 rows | watcher alive
2026-09-18 10:53:02 [INFO] kafka.producer — Stats (last 10s) — published: 0 rows | dropped: 0 | batches: 0 | delivery_errors: 0
2026-09-18 10:53:12 [INFO] kafka.producer — Stats (last 10s) — published: 0 rows | dropped: 0 | batches: 0 | delivery_errors: 0
2026-09-18 10:53:22 [INFO] kafka.producer — Stats (last 10s) — published: 0 rows | dropped: 0 | batches: 0 | delivery_errors: 0
2026-09-18 10:53:32 [INFO] kafka.producer — Stats (last 10s) — published: 0 rows | dropped: 0 | batches: 0 | delivery_errors: 0
2026-09-18 10:53:42 [INFO] kafka.producer — Stats (last 10s) — published: 0 rows | dropped: 0 | batches: 0 | delivery_errors: 0
2026-09-18 10:53:47 [INFO] watcher — New file detected: zeek/logs/dns.log
2026-09-18 10:53:47 [INFO] watcher — New file detected: zeek/logs/conn.log
2026-09-18 10:53:51 [INFO] watcher — [2026-09-18T05:23:51.282037] TRIGGER pipeline.py — file: dns.log  size: 1.6 KB bytes
2026-09-18 10:53:51 [INFO] watcher — Running: /home/nived/Desktop/Aegis/.venv/bin/python3 ./features/pipeline.py --zeek-dir zeek/logs --output-dir data/features --scenario-name live_1789708852
2026-09-18 10:53:51 [INFO] watcher — [2026-09-18T05:23:51.802993] pipeline.py completed in 0.52s — output: data/features/live_1789708852.parquet
2026-09-18 10:53:52 [INFO] watcher — Enqueued 1010 rows from live_1789708852.parquet into staging queue (queue size now: 139)
2026-09-18 10:53:52 [INFO] watcher — [2026-09-18T05:23:52.198922] TRIGGER pipeline.py — file: conn.log  size: 112.3 KB bytes
2026-09-18 10:53:52 [INFO] watcher — Running: /home/nived/Desktop/Aegis/.venv/bin/python3 ./features/pipeline.py --zeek-dir zeek/logs --output-dir data/features --scenario-name live_1789708852
2026-09-18 10:53:52 [INFO] kafka.producer — Stats (last 10s) — published: 1001 rows | dropped: 0 | batches: 3 | delivery_errors: 0
2026-09-18 10:53:52 [INFO] watcher — [2026-09-18T05:23:52.988085] pipeline.py completed in 0.79s — output: data/features/live_1789708852.parquet
2026-09-18 10:53:53 [INFO] watcher — Enqueued 0 rows from live_1789708852.parquet into staging queue (queue size now: 0)
2026-09-18 10:54:00 [INFO] watcher — Heartbeat — staging queue: 0 rows | watcher alive
2026-09-18 10:54:02 [INFO] kafka.producer — Stats (last 10s) — published: 9 rows | dropped: 0 | batches: 1 | delivery_errors: 0
2026-09-18 10:54:12 [INFO] kafka.producer — Stats (last 10s) — published: 0 rows | dropped: 0 | batches: 0 | delivery_errors: 0
2026-09-18 10:54:22 [INFO] kafka.producer — Stats (last 10s) — published: 0 rows | dropped: 0 | batches: 0 | delivery_errors: 0
2026-09-18 10:54:32 [INFO] kafka.producer — Stats (last 10s) — published: 0 rows | dropped: 0 | batches: 0 | delivery_errors: 0
2026-09-18 10:54:42 [INFO] kafka.producer — Stats (last 10s) — published: 0 rows | dropped: 0 | batches: 0 | delivery_errors: 0
2026-09-18 10:54:52 [INFO] kafka.producer — Stats (last 10s) — published: 0 rows | dropped: 0 | batches: 0 | delivery_errors: 0
2026-09-18 10:55:00 [INFO] watcher — Heartbeat — staging queue: 0 rows | watcher alive
2026-09-18 10:55:02 [INFO] kafka.producer — Stats (last 10s) — published: 0 rows | dropped: 0 | batches: 0 | delivery_errors: 0
2026-09-18 10:55:12 [INFO] kafka.producer — Stats (last 10s) — published: 0 rows | dropped: 0 | batches: 0 | delivery_errors: 0
2026-09-18 10:55:22 [INFO] kafka.producer — Stats (last 10s) — published: 0 rows | dropped: 0 | batches: 0 | delivery_errors: 0
2026-09-18 10:55:32 [INFO] kafka.producer — Stats (last 10s) — published: 0 rows | dropped: 0 | batches: 0 | delivery_errors: 0
2026-09-18 10:55:42 [INFO] kafka.producer — Stats (last 10s) — published: 0 rows | dropped: 0 | batches: 0 | delivery_errors: 0
2026-09-18 10:55:52 [INFO] kafka.producer — Stats (last 10s) — published: 0 rows | dropped: 0 | batches: 0 | delivery_errors: 0
2026-09-18 10:56:00 [INFO] watcher — Heartbeat — staging queue: 0 rows | watcher alive
2026-09-18 10:56:02 [INFO] kafka.producer — Stats (last 10s) — published: 0 rows | dropped: 0 | batches: 0 | delivery_errors: 0
2026-09-18 10:56:12 [INFO] kafka.producer — Stats (last 10s) — published: 0 rows | dropped: 0 | batches: 0 | delivery_errors: 0
2026-09-18 10:56:22 [INFO] kafka.producer — Stats (last 10s) — published: 0 rows | dropped: 0 | batches: 0 | delivery_errors: 0
2026-09-18 10:56:32 [INFO] kafka.producer — Stats (last 10s) — published: 0 rows | dropped: 0 | batches: 0 | delivery_errors: 0
2026-09-18 10:56:42 [INFO] kafka.producer — Stats (last 10s) — published: 0 rows | dropped: 0 | batches: 0 | delivery_errors: 0
2026-09-18 10:56:52 [INFO] kafka.producer — Stats (last 10s) — published: 0 rows | dropped: 0 | batches: 0 | delivery_errors: 0
2026-09-18 10:57:00 [INFO] watcher — Heartbeat — staging queue: 0 rows | watcher alive
2026-09-18 10:57:02 [INFO] kafka.producer — Stats (last 10s) — published: 0 rows | dropped: 0 | batches: 0 | delivery_errors: 0
2026-09-18 10:57:12 [INFO] kafka.producer — Stats (last 10s) — published: 0 rows | dropped: 0 | batches: 0 | delivery_errors: 0
2026-09-18 10:57:22 [INFO] kafka.producer — Stats (last 10s) — published: 0 rows | dropped: 0 | batches: 0 | delivery_errors: 0
2026-09-18 10:57:32 [INFO] kafka.producer — Stats (last 10s) — published: 0 rows | dropped: 0 | batches: 0 | delivery_errors: 0
2026-09-18 10:57:42 [INFO] kafka.producer — Stats (last 10s) — published: 0 rows | dropped: 0 | batches: 0 | delivery_errors: 0
2026-09-18 10:57:52 [INFO] kafka.producer — Stats (last 10s) — published: 0 rows | dropped: 0 | batches: 0 | delivery_errors: 0
2026-09-18 10:58:00 [INFO] watcher — Heartbeat — staging queue: 0 rows | watcher alive
2026-09-18 10:58:02 [INFO] kafka.producer — Stats (last 10s) — published: 0 rows | dropped: 0 | batches: 0 | delivery_errors: 0
2026-09-18 10:58:12 [INFO] kafka.producer — Stats (last 10s) — published: 0 rows | dropped: 0 | batches: 0 | delivery_errors: 0
2026-09-18 10:58:22 [INFO] kafka.producer — Stats (last 10s) — published: 0 rows | dropped: 0 | batches: 0 | delivery_errors: 0
2026-09-18 10:58:32 [INFO] kafka.producer — Stats (last 10s) — published: 0 rows | dropped: 0 | batches: 0 | delivery_errors: 0
2026-09-18 10:58:42 [INFO] kafka.producer — Stats (last 10s) — published: 0 rows | dropped: 0 | batches: 0 | delivery_errors: 0
2026-09-18 10:58:52 [INFO] kafka.producer — Stats (last 10s) — published: 0 rows | dropped: 0 | batches: 0 | delivery_errors: 0
2026-09-18 10:59:00 [INFO] watcher — Heartbeat — staging queue: 0 rows | watcher alive
2026-09-18 10:59:02 [INFO] kafka.producer — Stats (last 10s) — published: 0 rows | dropped: 0 | batches: 0 | delivery_errors: 0
2026-09-18 10:59:12 [INFO] kafka.producer — Stats (last 10s) — published: 0 rows | dropped: 0 | batches: 0 | delivery_errors: 0
2026-09-18 10:59:22 [INFO] kafka.producer — Stats (last 10s) — published: 0 rows | dropped: 0 | batches: 0 | delivery_errors: 0
2026-09-18 10:59:32 [INFO] kafka.producer — Stats (last 10s) — published: 0 rows | dropped: 0 | batches: 0 | delivery_errors: 0
2026-09-18 10:59:42 [INFO] kafka.producer — Stats (last 10s) — published: 0 rows | dropped: 0 | batches: 0 | delivery_errors: 0
2026-09-18 10:59:52 [INFO] kafka.producer — Stats (last 10s) — published: 0 rows | dropped: 0 | batches: 0 | delivery_errors: 0
2026-09-18 11:00:00 [INFO] watcher — Heartbeat — staging queue: 0 rows | watcher alive
2026-09-18 11:00:02 [INFO] kafka.producer — Stats (last 10s) — published: 0 rows | dropped: 0 | batches: 0 | delivery_errors: 0
2026-09-18 11:00:12 [INFO] kafka.producer — Stats (last 10s) — published: 0 rows | dropped: 0 | batches: 0 | delivery_errors: 0
2026-09-18 11:00:22 [INFO] kafka.producer — Stats (last 10s) — published: 0 rows | dropped: 0 | batches: 0 | delivery_errors: 0
2026-09-18 11:00:32 [INFO] kafka.producer — Stats (last 10s) — published: 0 rows | dropped: 0 | batches: 0 | delivery_errors: 0
2026-09-18 11:00:42 [INFO] kafka.producer — Stats (last 10s) — published: 0 rows | dropped: 0 | batches: 0 | delivery_errors: 0
2026-09-18 11:00:52 [INFO] kafka.producer — Stats (last 10s) — published: 0 rows | dropped: 0 | batches: 0 | delivery_errors: 0
2026-09-18 11:01:00 [INFO] watcher — Heartbeat — staging queue: 0 rows | watcher alive
2026-09-18 11:01:02 [INFO] kafka.producer — Stats (last 10s) — published: 0 rows | dropped: 0 | batches: 0 | delivery_errors: 0
2026-09-18 11:01:12 [INFO] kafka.producer — Stats (last 10s) — published: 0 rows | dropped: 0 | batches: 0 | delivery_errors: 0
2026-09-18 11:01:12 [INFO] watcher — [2026-09-18T05:31:12.792796] TRIGGER pipeline.py — file: dns.log  size: 2.3 KB bytes
2026-09-18 11:01:12 [INFO] watcher — Running: /home/nived/Desktop/Aegis/.venv/bin/python3 ./features/pipeline.py --zeek-dir zeek/logs --output-dir data/features --scenario-name live_1789708852
2026-09-18 11:01:13 [INFO] watcher — [2026-09-18T05:31:13.300667] pipeline.py completed in 0.51s — output: data/features/live_1789708852.parquet
2026-09-18 11:01:13 [INFO] watcher — Enqueued 1039 rows from live_1789708852.parquet into staging queue (queue size now: 98)
2026-09-18 11:01:13 [INFO] watcher — [2026-09-18T05:31:13.411224] TRIGGER pipeline.py — file: conn.log  size: 117.0 KB bytes
2026-09-18 11:01:13 [INFO] watcher — Running: /home/nived/Desktop/Aegis/.venv/bin/python3 ./features/pipeline.py --zeek-dir zeek/logs --output-dir data/features --scenario-name live_1789708852
2026-09-18 11:01:14 [INFO] watcher — [2026-09-18T05:31:14.058741] pipeline.py completed in 0.65s — output: data/features/live_1789708852.parquet
2026-09-18 11:01:14 [INFO] watcher — Enqueued 0 rows from live_1789708852.parquet into staging queue (queue size now: 0)
2026-09-18 11:01:22 [INFO] kafka.producer — Stats (last 10s) — published: 1039 rows | dropped: 0 | batches: 3 | delivery_errors: 0
2026-09-18 11:01:32 [INFO] kafka.producer — Stats (last 10s) — published: 0 rows | dropped: 0 | batches: 0 | delivery_errors: 0
2026-09-18 11:01:42 [INFO] kafka.producer — Stats (last 10s) — published: 0 rows | dropped: 0 | batches: 0 | delivery_errors: 0
2026-09-18 11:01:52 [INFO] kafka.producer — Stats (last 10s) — published: 0 rows | dropped: 0 | batches: 0 | delivery_errors: 0
2026-09-18 11:02:00 [INFO] watcher — Heartbeat — staging queue: 0 rows | watcher alive
2026-09-18 11:02:02 [INFO] kafka.producer — Stats (last 10s) — published: 0 rows | dropped: 0 | batches: 0 | delivery_errors: 0
2026-09-18 11:02:12 [INFO] kafka.producer — Stats (last 10s) — published: 0 rows | dropped: 0 | batches: 0 | delivery_errors: 0
2026-09-18 11:02:22 [INFO] kafka.producer — Stats (last 10s) — published: 0 rows | dropped: 0 | batches: 0 | delivery_errors: 0
2026-09-18 11:02:32 [INFO] kafka.producer — Stats (last 10s) — published: 0 rows | dropped: 0 | batches: 0 | delivery_errors: 0
2026-09-18 11:02:42 [INFO] kafka.producer — Stats (last 10s) — published: 0 rows | dropped: 0 | batches: 0 | delivery_errors: 0
2026-09-18 11:02:52 [INFO] kafka.producer — Stats (last 10s) — published: 0 rows | dropped: 0 | batches: 0 | delivery_errors: 0
2026-09-18 11:03:00 [INFO] watcher — Heartbeat — staging queue: 0 rows | watcher alive
2026-09-18 11:03:02 [INFO] kafka.producer — Stats (last 10s) — published: 0 rows | dropped: 0 | batches: 0 | delivery_errors: 0
2026-09-18 11:03:12 [INFO] kafka.producer — Stats (last 10s) — published: 0 rows | dropped: 0 | batches: 0 | delivery_errors: 0
2026-09-18 11:03:22 [INFO] kafka.producer — Stats (last 10s) — published: 0 rows | dropped: 0 | batches: 0 | delivery_errors: 0
2026-09-18 11:03:32 [INFO] kafka.producer — Stats (last 10s) — published: 0 rows | dropped: 0 | batches: 0 | delivery_errors: 0
2026-09-18 11:03:42 [INFO] kafka.producer — Stats (last 10s) — published: 0 rows | dropped: 0 | batches: 0 | delivery_errors: 0
2026-09-18 11:03:52 [INFO] kafka.producer — Stats (last 10s) — published: 0 rows | dropped: 0 | batches: 0 | delivery_errors: 0
2026-09-18 11:04:00 [INFO] watcher — Heartbeat — staging queue: 0 rows | watcher alive
2026-09-18 11:04:02 [INFO] kafka.producer — Stats (last 10s) — published: 0 rows | dropped: 0 | batches: 0 | delivery_errors: 0
2026-09-18 11:04:12 [INFO] kafka.producer — Stats (last 10s) — published: 0 rows | dropped: 0 | batches: 0 | delivery_errors: 0
2026-09-18 11:04:22 [INFO] kafka.producer — Stats (last 10s) — published: 0 rows | dropped: 0 | batches: 0 | delivery_errors: 0
2026-09-18 11:04:32 [INFO] kafka.producer — Stats (last 10s) — published: 0 rows | dropped: 0 | batches: 0 | delivery_errors: 0
2026-09-18 11:04:42 [INFO] kafka.producer — Stats (last 10s) — published: 0 rows | dropped: 0 | batches: 0 | delivery_errors: 0
2026-09-18 11:04:52 [INFO] kafka.producer — Stats (last 10s) — published: 0 rows | dropped: 0 | batches: 0 | delivery_errors: 0
2026-09-18 11:05:00 [INFO] watcher — Heartbeat — staging queue: 0 rows | watcher alive
2026-09-18 11:05:02 [INFO] kafka.producer — Stats (last 10s) — published: 0 rows | dropped: 0 | batches: 0 | delivery_errors: 0
2026-09-18 11:05:12 [INFO] kafka.producer — Stats (last 10s) — published: 0 rows | dropped: 0 | batches: 0 | delivery_errors: 0
2026-09-18 11:05:22 [INFO] kafka.producer — Stats (last 10s) — published: 0 rows | dropped: 0 | batches: 0 | delivery_errors: 0
